source_id,clip_id,fencer,action,start_frame,end_frame
1,1_Right.mp4,LEFT,ATTACK_PREPARATION,0,8
1,1_Right.mp4,LEFT,ATTACK_LUNGE,9,13
1,1_Right.mp4,LEFT,OTHER_RECOVERY,14,18
1,1_Right.mp4,LEFT,OTHER_NO_ACTION,19,40
1,1_Right.mp4,LEFT,ATTACK_STOP_CUT,41,41
1,1_Right.mp4,LEFT,OTHER_NO_ACTION,42,43
1,1_Right.mp4,LEFT,ATTACK_STOP_CUT,44,47
1,1_Right.mp4,LEFT,OTHER_NO_ACTION,48,53
1,1_Right.mp4,RIGHT,ATTACK_PREPARATION,0,5
1,1_Right.mp4,RIGHT,OTHER_NO_ACTION,6,9
1,1_Right.mp4,RIGHT,DEFENSE_DISTANCE_PULL,10,22
1,1_Right.mp4,RIGHT,OTHER_NO_ACTION,23,28
1,1_Right.mp4,RIGHT,ATTACK_PREPARATION,29,35
1,1_Right.mp4,RIGHT,ATTACK_BEAT,36,40
1,1_Right.mp4,RIGHT,ATTACK_PREPARATION,41,49
1,1_Right.mp4,RIGHT,ATTACK_STEP_CUT,50,53
1,2_Right.mp4,LEFT,ATTACK_PREPARATION,0,10
1,2_Right.mp4,LEFT,OTHER_NO_ACTION,11,11
1,2_Right.mp4,LEFT,ATTACK_PREPARATION,12,18
1,2_Right.mp4,LEFT,OTHER_NO_ACTION,19,24
1,2_Right.mp4,LEFT,ATTACK_PREPARATION,25,74
1,2_Right.mp4,RIGHT,ATTACK_PREPARATION,0,19
1,2_Right.mp4,RIGHT,OTHER_NO_ACTION,20,38
1,2_Right.mp4,RIGHT,DEFENSE_DISTANCE_PULL,39,60
1,2_Right.mp4,RIGHT,OTHER_NO_ACTION,61,66
1,2_Right.mp4,RIGHT,ATTACK_STOP_CUT,67,74
1,3_Right.mp4,LEFT,ATTACK_PREPARATION,0,22
1,3_Right.mp4,LEFT,ATTACK_LUNGE,23,28
1,3_Right.mp4,LEFT,OTHER_RECOVERY,29,36
1,3_Right.mp4,RIGHT,ATTACK_PREPARATION,0,21
1,3_Right.mp4,RIGHT,ATTACK_LUNGE,22,27
1,3_Right.mp4,RIGHT,OTHER_RECOVERY,28,36
1,4_Left.mp4,LEFT,ATTACK_PREPARATION,0,6
1,4_Left.mp4,LEFT,OTHER_NO_ACTION,7,12
1,4_Left.mp4,LEFT,DEFENSE_DISTANCE_PULL,13,16
1,4_Left.mp4,LEFT,ATTACK_COUNTER,17,21
1,4_Left.mp4,LEFT,OTHER_NO_ACTION,22,25
1,4_Left.mp4,RIGHT,ATTACK_PREPARATION,0,10
1,4_Left.mp4,RIGHT,ATTACK_LUNGE,11,18
1,4_Left.mp4,RIGHT,OTHER_RECOVERY,19,25
1,5_Left.mp4,LEFT,OTHER_NO_ACTION,0,16
1,5_Left.mp4,LEFT,ATTACK_STOP_CUT,17,20
1,5_Left.mp4,LEFT,OTHER_NO_ACTION,21,36
1,5_Left.mp4,LEFT,ATTACK_PREPARATION,37,47
1,5_Left.mp4,LEFT,ATTACK_STEP_CUT,48,51
1,5_Left.mp4,LEFT,OTHER_RECOVERY,52,52
1,5_Left.mp4,RIGHT,OTHER_NO_ACTION,0,8
1,5_Left.mp4,RIGHT,ATTACK_PREPARATION,9,25
1,5_Left.mp4,RIGHT,OTHER_NO_ACTION,26,47
1,5_Left.mp4,RIGHT,ATTACK_STEP_CUT,48,52
1,6_Right.mp4,LEFT,ATTACK_PREPARATION,0,20
1,6_Right.mp4,LEFT,ATTACK_BEAT,21,25
1,6_Right.mp4,LEFT,ATTACK_REMISE,26,34
1,6_Right.mp4,LEFT,OTHER_RECOVERY,35,35
1,6_Right.mp4,RIGHT,ATTACK_PREPARATION,0,17
1,6_Right.mp4,RIGHT,OTHER_NO_ACTION,18,23
1,6_Right.mp4,RIGHT,DEFENSE_DISTANCE_PULL,24,29
1,6_Right.mp4,RIGHT,ATTACK_COUNTER,30,33
1,6_Right.mp4,RIGHT,OTHER_RECOVERY,34,35
1,7_Right.mp4,LEFT,ATTACK_PREPARATION,0,0
1,7_Right.mp4,LEFT,OTHER_NO_ACTION,0,0
1,7_Right.mp4,LEFT,ATTACK_PREPARATION,1,1
1,7_Right.mp4,LEFT,OTHER_NO_ACTION,1,1
1,7_Right.mp4,LEFT,ATTACK_PREPARATION,2,2
1,7_Right.mp4,LEFT,OTHER_NO_ACTION,2,2
1,7_Right.mp4,LEFT,ATTACK_PREPARATION,3,3
1,7_Right.mp4,LEFT,OTHER_NO_ACTION,3,3
1,7_Right.mp4,LEFT,ATTACK_PREPARATION,4,25
1,7_Right.mp4,LEFT,OTHER_NO_ACTION,26,33
1,7_Right.mp4,LEFT,ATTACK_PREPARATION,33,33
1,7_Right.mp4,LEFT,OTHER_NO_ACTION,34,34
1,7_Right.mp4,LEFT,ATTACK_PREPARATION,34,34
1,7_Right.mp4,LEFT,OTHER_NO_ACTION,35,35
1,7_Right.mp4,LEFT,ATTACK_PREPARATION,35,35
1,7_Right.mp4,LEFT,OTHER_NO_ACTION,36,36
1,7_Right.mp4,LEFT,ATTACK_PREPARATION,36,36
1,7_Right.mp4,LEFT,OTHER_NO_ACTION,37,37
1,7_Right.mp4,LEFT,ATTACK_PREPARATION,37,37
1,7_Right.mp4,LEFT,OTHER_NO_ACTION,38,38
1,7_Right.mp4,LEFT,ATTACK_PREPARATION,38,38
1,7_Right.mp4,LEFT,OTHER_NO_ACTION,39,39
1,7_Right.mp4,LEFT,ATTACK_PREPARATION,39,40
1,7_Right.mp4,LEFT,OTHER_NO_ACTION,40,41
1,7_Right.mp4,LEFT,ATTACK_PREPARATION,41,41
1,7_Right.mp4,LEFT,OTHER_NO_ACTION,42,42
1,7_Right.mp4,LEFT,ATTACK_PREPARATION,42,42
1,7_Right.mp4,LEFT,OTHER_NO_ACTION,43,43
1,7_Right.mp4,LEFT,ATTACK_PREPARATION,43,43
1,7_Right.mp4,LEFT,OTHER_NO_ACTION,44,44
1,7_Right.mp4,LEFT,ATTACK_PREPARATION,44,44
1,7_Right.mp4,LEFT,OTHER_NO_ACTION,45,45
1,7_Right.mp4,LEFT,ATTACK_PREPARATION,45,45
1,7_Right.mp4,LEFT,OTHER_NO_ACTION,46,46
1,7_Right.mp4,LEFT,ATTACK_PREPARATION,46,46
1,7_Right.mp4,LEFT,OTHER_NO_ACTION,47,47
1,7_Right.mp4,LEFT,ATTACK_PREPARATION,47,48
1,7_Right.mp4,LEFT,OTHER_NO_ACTION,48,49
1,7_Right.mp4,LEFT,ATTACK_PREPARATION,49,49
1,7_Right.mp4,LEFT,OTHER_NO_ACTION,50,50
1,7_Right.mp4,LEFT,ATTACK_PREPARATION,50,50
1,7_Right.mp4,LEFT,OTHER_NO_ACTION,51,51
1,7_Right.mp4,LEFT,ATTACK_PREPARATION,51,51
1,7_Right.mp4,LEFT,ATTACK_STOP_CUT,52,52
1,7_Right.mp4,LEFT,ATTACK_PREPARATION,52,52
1,7_Right.mp4,LEFT,ATTACK_STOP_CUT,53,53
1,7_Right.mp4,LEFT,ATTACK_PREPARATION,53,53
1,7_Right.mp4,LEFT,ATTACK_STOP_CUT,54,54
1,7_Right.mp4,LEFT,ATTACK_PREPARATION,54,54
1,7_Right.mp4,LEFT,ATTACK_STOP_CUT,55,55
1,7_Right.mp4,LEFT,ATTACK_PREPARATION,55,56
1,7_Right.mp4,LEFT,ATTACK_STOP_CUT,56,56
1,7_Right.mp4,LEFT,OTHER_NO_ACTION,57,57
1,7_Right.mp4,LEFT,ATTACK_PREPARATION,57,57
1,7_Right.mp4,LEFT,OTHER_NO_ACTION,58,58
1,7_Right.mp4,LEFT,ATTACK_PREPARATION,58,58
1,7_Right.mp4,LEFT,OTHER_NO_ACTION,59,59
1,7_Right.mp4,LEFT,ATTACK_STEP_CUT,59,59
1,7_Right.mp4,LEFT,OTHER_NO_ACTION,60,60
1,7_Right.mp4,LEFT,ATTACK_STEP_CUT,60,60
1,7_Right.mp4,LEFT,OTHER_NO_ACTION,61,61
1,7_Right.mp4,LEFT,ATTACK_STEP_CUT,61,61
1,7_Right.mp4,LEFT,OTHER_NO_ACTION,62,62
1,7_Right.mp4,LEFT,ATTACK_STEP_CUT,62,62
1,7_Right.mp4,LEFT,OTHER_NO_ACTION,63,63
1,7_Right.mp4,LEFT,ATTACK_STEP_CUT,63,63
1,7_Right.mp4,LEFT,OTHER_NO_ACTION,64,64
1,7_Right.mp4,LEFT,OTHER_RECOVERY,64,64
1,8_Right.mp4,LEFT,ATTACK_PREPARATION,0,14
1,8_Right.mp4,LEFT,OTHER_NO_ACTION,15,19
1,8_Right.mp4,LEFT,DEFENSE_DISTANCE_PULL,20,25
1,8_Right.mp4,LEFT,OTHER_NO_ACTION,26,34
1,8_Right.mp4,LEFT,DEFENSE_DISTANCE_PULL,35,47
1,8_Right.mp4,LEFT,OTHER_NO_ACTION,48,51
1,8_Right.mp4,LEFT,DEFENSE_DISTANCE_PULL,52,63
1,8_Right.mp4,LEFT,OTHER_NO_ACTION,64,100
1,8_Right.mp4,LEFT,ATTACK_STOP_CUT,101,107
1,8_Right.mp4,LEFT,OTHER_NO_ACTION,108,116
1,8_Right.mp4,LEFT,ATTACK_STOP_CUT,117,122
1,8_Right.mp4,LEFT,OTHER_NO_ACTION,123,126
1,8_Right.mp4,RIGHT,ATTACK_PREPARATION,0,29
1,8_Right.mp4,RIGHT,ATTACK_FEINT,30,34
1,8_Right.mp4,RIGHT,ATTACK_PREPARATION,35,102
1,8_Right.mp4,RIGHT,OTHER_NO_ACTION,103,111
1,8_Right.mp4,RIGHT,ATTACK_PREPARATION,112,119
1,8_Right.mp4,RIGHT,ATTACK_STEP_CUT,120,125
1,8_Right.mp4,RIGHT,OTHER_RECOVERY,126,126
1,9_Left.mp4,LEFT,ATTACK_PREPARATION,0,21
1,9_Left.mp4,LEFT,OTHER_NO_ACTION,22,29
1,9_Left.mp4,LEFT,ATTACK_PREPARATION,30,32
1,9_Left.mp4,LEFT,ATTACK_FLUNGE,33,37
1,9_Left.mp4,LEFT,OTHER_RECOVERY,38,50
1,9_Left.mp4,RIGHT,ATTACK_PREPARATION,0,36
1,9_Left.mp4,RIGHT,ATTACK_STEP_CUT,37,40
1,9_Left.mp4,RIGHT,OTHER_RECOVERY,41,50
1,10_Left.mp4,LEFT,ATTACK_PREPARATION,0,22
1,10_Left.mp4,LEFT,ATTACK_LUNGE,23,26
1,10_Left.mp4,LEFT,OTHER_RECOVERY,27,27
1,10_Left.mp4,RIGHT,ATTACK_PREPARATION,0,20
1,10_Left.mp4,RIGHT,ATTACK_LUNGE,21,27
1,11_Left.mp4,LEFT,ATTACK_PREPARATION,0,59
1,11_Left.mp4,LEFT,ATTACK_LUNGE,60,65
1,11_Left.mp4,RIGHT,ATTACK_PREPARATION,0,15
1,11_Left.mp4,RIGHT,OTHER_NO_ACTION,16,21
1,11_Left.mp4,RIGHT,DEFENSE_DISTANCE_PULL,22,40
1,11_Left.mp4,RIGHT,OTHER_NO_ACTION,41,55
1,11_Left.mp4,RIGHT,ATTACK_STOP_CUT,56,61
1,11_Left.mp4,RIGHT,OTHER_NO_ACTION,62,65
1,12_Right.mp4,LEFT,ATTACK_PREPARATION,0,14
1,12_Right.mp4,LEFT,OTHER_NO_ACTION,15,23
1,12_Right.mp4,LEFT,ATTACK_PREPARATION,24,30
1,12_Right.mp4,LEFT,ATTACK_STEP_CUT,31,36
1,12_Right.mp4,LEFT,OTHER_RECOVERY,37,37
1,12_Right.mp4,RIGHT,ATTACK_PREPARATION,0,15
1,12_Right.mp4,RIGHT,OTHER_NO_ACTION,16,20
1,12_Right.mp4,RIGHT,ATTACK_PREPARATION,21,31
1,12_Right.mp4,RIGHT,ATTACK_STEP_CUT,32,37
1,13_Left.mp4,LEFT,ATTACK_PREPARATION,0,15
1,13_Left.mp4,LEFT,ATTACK_LUNGE,16,21
1,13_Left.mp4,LEFT,OTHER_RECOVERY,22,22
1,13_Left.mp4,RIGHT,ATTACK_PREPARATION,0,15
1,13_Left.mp4,RIGHT,ATTACK_LUNGE,16,22
1,14_Left.mp4,LEFT,ATTACK_PREPARATION,0,16
1,14_Left.mp4,LEFT,OTHER_NO_ACTION,17,24
1,14_Left.mp4,LEFT,ATTACK_PREPARATION,25,31
1,14_Left.mp4,LEFT,ATTACK_STEP_CUT,32,36
1,14_Left.mp4,LEFT,OTHER_RECOVERY,37,47
1,14_Left.mp4,RIGHT,ATTACK_PREPARATION,0,18
1,14_Left.mp4,RIGHT,OTHER_NO_ACTION,19,26
1,14_Left.mp4,RIGHT,ATTACK_PREPARATION,27,31
1,14_Left.mp4,RIGHT,DEFENSE_PARRY_2,32,36
1,14_Left.mp4,RIGHT,ATTACK_RIPOSTE,37,40
1,14_Left.mp4,RIGHT,OTHER_RECOVERY,41,47
1,15_Right.mp4,LEFT,ATTACK_PREPARATION,0,15
1,15_Right.mp4,LEFT,ATTACK_LUNGE,16,21
1,15_Right.mp4,LEFT,OTHER_RECOVERY,22,25
1,15_Right.mp4,LEFT,OTHER_NO_ACTION,26,29
1,15_Right.mp4,LEFT,ATTACK_COUNTER,30,35
1,15_Right.mp4,LEFT,OTHER_RECOVERY,36,42
1,15_Right.mp4,LEFT,OTHER_NO_ACTION,43,51
1,15_Right.mp4,LEFT,ATTACK_BEAT,52,54
1,15_Right.mp4,LEFT,OTHER_NO_ACTION,55,93
1,15_Right.mp4,LEFT,ATTACK_STOP_CUT,94,98
1,15_Right.mp4,LEFT,OTHER_NO_ACTION,99,103
1,15_Right.mp4,RIGHT,ATTACK_PREPARATION,0,15
1,15_Right.mp4,RIGHT,OTHER_NO_ACTION,16,23
1,15_Right.mp4,RIGHT,ATTACK_COUNTER,24,28
1,15_Right.mp4,RIGHT,OTHER_NO_ACTION,29,31
1,15_Right.mp4,RIGHT,DEFENSE_DISTANCE_PULL,32,41
1,15_Right.mp4,RIGHT,OTHER_NO_ACTION,42,47
1,15_Right.mp4,RIGHT,ATTACK_PREPARATION,48,85
1,15_Right.mp4,RIGHT,ATTACK_BEAT,86,89
1,15_Right.mp4,RIGHT,ATTACK_PREPARATION,90,97
1,15_Right.mp4,RIGHT,ATTACK_LUNGE,98,103
1,16_Right.mp4,LEFT,ATTACK_PREPARATION,0,20
1,16_Right.mp4,LEFT,OTHER_NO_ACTION,21,48
1,16_Right.mp4,LEFT,DEFENSE_PARRY_2,49,54
1,16_Right.mp4,LEFT,ATTACK_RIPOSTE,55,59
1,16_Right.mp4,RIGHT,ATTACK_PREPARATION,0,20
1,16_Right.mp4,RIGHT,OTHER_NO_ACTION,21,29
1,16_Right.mp4,RIGHT,ATTACK_PREPARATION,30,52
1,16_Right.mp4,RIGHT,ATTACK_STEP_CUT,53,55
1,16_Right.mp4,RIGHT,OTHER_RECOVERY,56,59
1,17_Right.mp4,LEFT,ATTACK_PREPARATION,0,15
1,17_Right.mp4,LEFT,OTHER_NO_ACTION,16,23
1,17_Right.mp4,LEFT,ATTACK_COUNTER,24,28
1,17_Right.mp4,LEFT,OTHER_RECOVERY,29,32
1,17_Right.mp4,RIGHT,ATTACK_PREPARATION,0,16
1,17_Right.mp4,RIGHT,ATTACK_LUNGE,17,24
1,17_Right.mp4,RIGHT,OTHER_RECOVERY,25,32
1,18_Left.mp4,LEFT,ATTACK_PREPARATION,0,14
1,18_Left.mp4,LEFT,OTHER_NO_ACTION,15,21
1,18_Left.mp4,LEFT,ATTACK_PREPARATION,22,33
1,18_Left.mp4,LEFT,ATTACK_STEP_CUT,34,39
1,18_Left.mp4,LEFT,OTHER_RECOVERY,40,40
1,18_Left.mp4,RIGHT,ATTACK_PREPARATION,0,14
1,18_Left.mp4,RIGHT,OTHER_NO_ACTION,15,27
1,18_Left.mp4,RIGHT,DEFENSE_DISTANCE_PULL,28,40
1,19_Left.mp4,LEFT,OTHER_NO_ACTION,0,2
1,19_Left.mp4,LEFT,ATTACK_PREPARATION,3,17
1,19_Left.mp4,LEFT,ATTACK_LUNGE,18,24
1,19_Left.mp4,LEFT,OTHER_RECOVERY,25,29
1,19_Left.mp4,RIGHT,ATTACK_PREPARATION,0,15
1,19_Left.mp4,RIGHT,OTHER_NO_ACTION,16,25
1,19_Left.mp4,RIGHT,ATTACK_COUNTER,26,29
1,20_Left.mp4,LEFT,ATTACK_PREPARATION,0,15
1,20_Left.mp4,LEFT,ATTACK_LUNGE,16,21
1,20_Left.mp4,LEFT,OTHER_RECOVERY,22,26
1,20_Left.mp4,LEFT,OTHER_NO_ACTION,27,28
1,20_Left.mp4,LEFT,ATTACK_COUNTER,29,33
1,20_Left.mp4,LEFT,OTHER_RECOVERY,34,34
1,20_Left.mp4,RIGHT,ATTACK_PREPARATION,0,12
1,20_Left.mp4,RIGHT,OTHER_NO_ACTION,13,22
1,20_Left.mp4,RIGHT,ATTACK_COUNTER,23,28
1,20_Left.mp4,RIGHT,OTHER_NO_ACTION,29,34
1,21_Right.mp4,LEFT,ATTACK_PREPARATION,0,20
1,21_Right.mp4,LEFT,ATTACK_BEAT,21,26
1,21_Right.mp4,LEFT,ATTACK_PREPARATION,27,33
1,21_Right.mp4,LEFT,ATTACK_LUNGE,34,40
1,21_Right.mp4,LEFT,OTHER_RECOVERY,41,45
1,21_Right.mp4,LEFT,OTHER_NO_ACTION,46,57
1,21_Right.mp4,LEFT,DEFENSE_POINT_IN_LINE,58,100
1,21_Right.mp4,LEFT,ATTACK_LUNGE,101,109
1,21_Right.mp4,LEFT,OTHER_RECOVERY,110,113
1,21_Right.mp4,RIGHT,ATTACK_PREPARATION,0,19
1,21_Right.mp4,RIGHT,OTHER_NO_ACTION,20,29
1,21_Right.mp4,RIGHT,DEFENSE_DISTANCE_PULL,30,53
1,21_Right.mp4,RIGHT,OTHER_NO_ACTION,54,63
1,21_Right.mp4,RIGHT,ATTACK_PREPARATION,64,97
1,21_Right.mp4,RIGHT,OTHER_NO_ACTION,98,109
1,21_Right.mp4,RIGHT,ATTACK_COUNTER,110,113
1,22_Right.mp4,LEFT,ATTACK_PREPARATION,0,15
1,22_Right.mp4,LEFT,OTHER_NO_ACTION,16,19
1,22_Right.mp4,LEFT,ATTACK_LUNGE,20,26
1,22_Right.mp4,LEFT,OTHER_RECOVERY,27,32
1,22_Right.mp4,RIGHT,ATTACK_PREPARATION,0,20
1,22_Right.mp4,RIGHT,OTHER_NO_ACTION,21,27
1,22_Right.mp4,RIGHT,ATTACK_COUNTER,28,31
1,22_Right.mp4,RIGHT,OTHER_NO_ACTION,32,32
1,23_Right.mp4,LEFT,ATTACK_PREPARATION,0,17
1,23_Right.mp4,LEFT,OTHER_NO_ACTION,18,25
1,23_Right.mp4,LEFT,ATTACK_COUNTER,26,29
1,23_Right.mp4,LEFT,OTHER_RECOVERY,30,34
1,23_Right.mp4,RIGHT,ATTACK_PREPARATION,0,19
1,23_Right.mp4,RIGHT,ATTACK_LUNGE,20,27
1,23_Right.mp4,RIGHT,OTHER_RECOVERY,28,34
1,24_Right.mp4,LEFT,ATTACK_PREPARATION,0,13
1,24_Right.mp4,LEFT,OTHER_NO_ACTION,14,21
1,24_Right.mp4,LEFT,ATTACK_PREPARATION,22,32
1,24_Right.mp4,LEFT,ATTACK_LUNGE,33,38
1,24_Right.mp4,LEFT,OTHER_RECOVERY,39,39
1,24_Right.mp4,RIGHT,ATTACK_PREPARATION,0,15
1,24_Right.mp4,RIGHT,OTHER_NO_ACTION,16,28
1,24_Right.mp4,RIGHT,DEFENSE_DISTANCE_PULL,29,39
2,1_Left.mp4,LEFT,ATTACK_PREPARATION,0,16
2,1_Left.mp4,LEFT,OTHER_NO_ACTION,17,21
2,1_Left.mp4,LEFT,DEFENSE_DISTANCE_PULL,22,26
2,1_Left.mp4,LEFT,ATTACK_COUNTER,27,31
2,1_Left.mp4,LEFT,OTHER_NO_ACTION,32,34
2,1_Left.mp4,RIGHT,ATTACK_PREPARATION,0,18
2,1_Left.mp4,RIGHT,ATTACK_LUNGE,19,26
2,1_Left.mp4,RIGHT,OTHER_RECOVERY,27,34
2,2_Left.mp4,LEFT,ATTACK_PREPARATION,0,31
2,2_Left.mp4,LEFT,DEFENSE_PARRY_4,32,35
2,2_Left.mp4,LEFT,ATTACK_RIPOSTE,36,38
2,2_Left.mp4,LEFT,OTHER_NO_ACTION,39,40
2,2_Left.mp4,RIGHT,ATTACK_PREPARATION,0,13
2,2_Left.mp4,RIGHT,OTHER_NO_ACTION,14,24
2,2_Left.mp4,RIGHT,ATTACK_PREPARATION,25,26
2,2_Left.mp4,RIGHT,ATTACK_LUNGE,27,34
2,2_Left.mp4,RIGHT,OTHER_RECOVERY,35,40
2,3_Left.mp4,LEFT,ATTACK_PREPARATION,0,22
2,3_Left.mp4,LEFT,ATTACK_LUNGE,23,31
2,3_Left.mp4,LEFT,OTHER_RECOVERY,32,33
2,3_Left.mp4,RIGHT,ATTACK_PREPARATION,0,14
2,3_Left.mp4,RIGHT,OTHER_NO_ACTION,15,19
2,3_Left.mp4,RIGHT,ATTACK_FEINT,20,22
2,3_Left.mp4,RIGHT,DEFENSE_DISTANCE_PULL,23,33
2,4_Right.mp4,LEFT,ATTACK_PREPARATION,0,25
2,4_Right.mp4,LEFT,OTHER_NO_ACTION,26,41
2,4_Right.mp4,LEFT,ATTACK_STEP_CUT,42,47
2,4_Right.mp4,LEFT,OTHER_RECOVERY,48,52
2,4_Right.mp4,RIGHT,ATTACK_PREPARATION,0,25
2,4_Right.mp4,RIGHT,OTHER_NO_ACTION,26,27
2,4_Right.mp4,RIGHT,ATTACK_FEINT,28,31
2,4_Right.mp4,RIGHT,OTHER_NO_ACTION,32,35
2,4_Right.mp4,RIGHT,ATTACK_PREPARATION,36,43
2,4_Right.mp4,RIGHT,ATTACK_STEP_CUT,44,48
2,4_Right.mp4,RIGHT,OTHER_RECOVERY,49,52
2,5_Right.mp4,LEFT,ATTACK_PREPARATION,0,1
2,5_Right.mp4,LEFT,OTHER_NO_ACTION,2,2
2,5_Right.mp4,LEFT,ATTACK_PREPARATION,2,2
2,5_Right.mp4,LEFT,OTHER_NO_ACTION,3,3
2,5_Right.mp4,LEFT,ATTACK_PREPARATION,3,4
2,5_Right.mp4,LEFT,OTHER_NO_ACTION,4,5
2,5_Right.mp4,LEFT,ATTACK_PREPARATION,5,5
2,5_Right.mp4,LEFT,OTHER_NO_ACTION,6,6
2,5_Right.mp4,LEFT,ATTACK_LUNGE,6,6
2,5_Right.mp4,LEFT,OTHER_NO_ACTION,7,7
2,5_Right.mp4,LEFT,ATTACK_LUNGE,7,8
2,5_Right.mp4,LEFT,DEFENSE_DISTANCE_PULL,8,9
2,5_Right.mp4,LEFT,ATTACK_LUNGE,9,9
2,5_Right.mp4,LEFT,DEFENSE_DISTANCE_PULL,10,10
2,5_Right.mp4,LEFT,ATTACK_LUNGE,10,10
2,5_Right.mp4,LEFT,DEFENSE_DISTANCE_PULL,11,11
2,5_Right.mp4,LEFT,ATTACK_LUNGE,11,11
2,5_Right.mp4,LEFT,DEFENSE_DISTANCE_PULL,12,12
2,5_Right.mp4,LEFT,ATTACK_LUNGE,12,12
2,5_Right.mp4,LEFT,ATTACK_COUNTER,13,13
2,5_Right.mp4,LEFT,ATTACK_LUNGE,13,13
2,5_Right.mp4,LEFT,ATTACK_COUNTER,14,14
2,5_Right.mp4,LEFT,ATTACK_LUNGE,14,14
2,5_Right.mp4,LEFT,ATTACK_COUNTER,15,15
2,5_Right.mp4,LEFT,ATTACK_LUNGE,15,15
2,5_Right.mp4,LEFT,ATTACK_COUNTER,16,16
2,5_Right.mp4,LEFT,OTHER_RECOVERY,16,16
2,6_Left.mp4,LEFT,ATTACK_PREPARATION,0,16
2,6_Left.mp4,LEFT,ATTACK_LUNGE,17,24
2,6_Left.mp4,RIGHT,ATTACK_PREPARATION,0,14
2,6_Left.mp4,RIGHT,OTHER_NO_ACTION,15,22
2,6_Left.mp4,RIGHT,ATTACK_LUNGE,23,24
2,7_Right.mp4,LEFT,ATTACK_PREPARATION,0,15
2,7_Right.mp4,LEFT,ATTACK_LUNGE,16,22
2,7_Right.mp4,RIGHT,ATTACK_PREPARATION,0,15
2,7_Right.mp4,RIGHT,ATTACK_LUNGE,16,22
2,8_Left.mp4,LEFT,ATTACK_PREPARATION,0,14
2,8_Left.mp4,LEFT,OTHER_NO_ACTION,15,22
2,8_Left.mp4,LEFT,DEFENSE_PARRY_4,23,27
2,8_Left.mp4,LEFT,ATTACK_RIPOSTE,28,29
2,8_Left.mp4,RIGHT,ATTACK_PREPARATION,0,17
2,8_Left.mp4,RIGHT,ATTACK_LUNGE,18,27
2,8_Left.mp4,RIGHT,OTHER_RECOVERY,28,29
2,9_Right.mp4,LEFT,ATTACK_PREPARATION,0,23
2,9_Right.mp4,LEFT,ATTACK_STEP_CUT,24,29
2,9_Right.mp4,LEFT,OTHER_RECOVERY,30,32
2,9_Right.mp4,RIGHT,OTHER_NO_ACTION,0,5
2,9_Right.mp4,RIGHT,ATTACK_PREPARATION,6,11
2,9_Right.mp4,RIGHT,OTHER_NO_ACTION,12,18
2,9_Right.mp4,RIGHT,ATTACK_PREPARATION,19,20
2,9_Right.mp4,RIGHT,ATTACK_LUNGE,21,26
2,9_Right.mp4,RIGHT,OTHER_RECOVERY,27,32
2,10_Right.mp4,LEFT,OTHER_NO_ACTION,0,4
2,10_Right.mp4,LEFT,ATTACK_PREPARATION,5,12
2,10_Right.mp4,LEFT,OTHER_NO_ACTION,13,20
2,10_Right.mp4,LEFT,DEFENSE_DISTANCE_PULL,21,34
2,10_Right.mp4,LEFT,OTHER_NO_ACTION,35,48
2,10_Right.mp4,LEFT,ATTACK_PREPARATION,49,50
2,10_Right.mp4,LEFT,ATTACK_STEP_CUT,51,54
2,10_Right.mp4,LEFT,OTHER_RECOVERY,55,55
2,10_Right.mp4,RIGHT,ATTACK_PREPARATION,0,16
2,10_Right.mp4,RIGHT,ATTACK_LUNGE,17,24
2,10_Right.mp4,RIGHT,OTHER_RECOVERY,25,31
2,10_Right.mp4,RIGHT,OTHER_NO_ACTION,32,34
2,10_Right.mp4,RIGHT,ATTACK_PREPARATION,35,50
2,10_Right.mp4,RIGHT,ATTACK_STEP_CUT,51,54
2,10_Right.mp4,RIGHT,OTHER_RECOVERY,55,55
2,11_Left.mp4,LEFT,ATTACK_PREPARATION,0,18
2,11_Left.mp4,LEFT,ATTACK_LUNGE,19,26
2,11_Left.mp4,LEFT,OTHER_RECOVERY,27,37
2,11_Left.mp4,RIGHT,ATTACK_PREPARATION,0,13
2,11_Left.mp4,RIGHT,OTHER_NO_ACTION,14,17
2,11_Left.mp4,RIGHT,ATTACK_PREPARATION,18,18
2,11_Left.mp4,RIGHT,ATTACK_LUNGE,19,25
2,11_Left.mp4,RIGHT,OTHER_RECOVERY,26,37
2,12_Right.mp4,LEFT,ATTACK_PREPARATION,0,15
2,12_Right.mp4,LEFT,OTHER_NO_ACTION,16,63
2,12_Right.mp4,LEFT,DEFENSE_POINT_IN_LINE,64,76
2,12_Right.mp4,LEFT,OTHER_NO_ACTION,77,82
2,12_Right.mp4,LEFT,ATTACK_STOP_CUT,83,86
2,12_Right.mp4,LEFT,OTHER_NO_ACTION,87,99
2,12_Right.mp4,LEFT,ATTACK_STOP_CUT,100,103
2,12_Right.mp4,LEFT,DEFENSE_DISTANCE_PULL,104,107
2,12_Right.mp4,LEFT,DEFENSE_PARRY_4,108,111
2,12_Right.mp4,LEFT,ATTACK_RIPOSTE,112,112
2,12_Right.mp4,RIGHT,ATTACK_PREPARATION,0,14
2,12_Right.mp4,RIGHT,OTHER_NO_ACTION,15,25
2,12_Right.mp4,RIGHT,ATTACK_PREPARATION,26,35
2,12_Right.mp4,RIGHT,OTHER_NO_ACTION,36,48
2,12_Right.mp4,RIGHT,ATTACK_PREPARATION,49,77
2,12_Right.mp4,RIGHT,OTHER_NO_ACTION,78,86
2,12_Right.mp4,RIGHT,ATTACK_PREPARATION,87,104
2,12_Right.mp4,RIGHT,ATTACK_FLUNGE,105,112
2,13_Right.mp4,LEFT,ATTACK_PREPARATION,0,14
2,13_Right.mp4,LEFT,ATTACK_LUNGE,15,21
2,13_Right.mp4,LEFT,OTHER_RECOVERY,22,22
2,13_Right.mp4,RIGHT,ATTACK_PREPARATION,0,15
2,13_Right.mp4,RIGHT,ATTACK_LUNGE,16,21
2,13_Right.mp4,RIGHT,OTHER_RECOVERY,22,22
2,14_Right.mp4,LEFT,ATTACK_PREPARATION,0,14
2,14_Right.mp4,LEFT,ATTACK_LUNGE,15,15
2,14_Right.mp4,LEFT,ATTACK_PREPARATION,15,15
2,14_Right.mp4,LEFT,ATTACK_LUNGE,16,22
2,14_Right.mp4,LEFT,OTHER_RECOVERY,22,23
2,15_Right.mp4,LEFT,ATTACK_PREPARATION,0,14
2,15_Right.mp4,LEFT,ATTACK_LUNGE,15,20
2,15_Right.mp4,RIGHT,ATTACK_PREPARATION,0,13
2,15_Right.mp4,RIGHT,ATTACK_LUNGE,14,20
2,16_Left.mp4,LEFT,ATTACK_PREPARATION,0,9
2,16_Left.mp4,LEFT,OTHER_NO_ACTION,10,22
2,16_Left.mp4,LEFT,ATTACK_PREPARATION,23,105
2,16_Left.mp4,LEFT,ATTACK_BEAT,106,109
2,16_Left.mp4,LEFT,ATTACK_PREPARATION,110,154
2,16_Left.mp4,LEFT,ATTACK_STEP_CUT,155,161
2,16_Left.mp4,LEFT,OTHER_RECOVERY,162,162
2,16_Left.mp4,RIGHT,ATTACK_PREPARATION,0,12
2,16_Left.mp4,RIGHT,OTHER_NO_ACTION,13,36
2,16_Left.mp4,RIGHT,ATTACK_STOP_CUT,37,41
2,16_Left.mp4,RIGHT,OTHER_NO_ACTION,42,63
2,16_Left.mp4,RIGHT,DEFENSE_POINT_IN_LINE,64,114
2,16_Left.mp4,RIGHT,DEFENSE_DISTANCE_PULL,115,130
2,16_Left.mp4,RIGHT,DEFENSE_POINT_IN_LINE,131,136
2,16_Left.mp4,RIGHT,OTHER_NO_ACTION,137,153
2,16_Left.mp4,RIGHT,ATTACK_STOP_CUT,154,158
2,16_Left.mp4,RIGHT,OTHER_NO_ACTION,159,162
2,17_Right.mp4,LEFT,ATTACK_PREPARATION,0,14
2,17_Right.mp4,LEFT,OTHER_NO_ACTION,15,24
2,17_Right.mp4,LEFT,ATTACK_PREPARATION,25,27
2,17_Right.mp4,LEFT,OTHER_NO_ACTION,28,31
2,17_Right.mp4,LEFT,ATTACK_STOP_CUT,32,36
2,17_Right.mp4,LEFT,DEFENSE_DISTANCE_PULL,37,47
2,17_Right.mp4,RIGHT,ATTACK_PREPARATION,0,13
2,17_Right.mp4,RIGHT,OTHER_NO_ACTION,14,24
2,17_Right.mp4,RIGHT,ATTACK_PREPARATION,25,35
2,17_Right.mp4,RIGHT,ATTACK_LUNGE,36,44
2,17_Right.mp4,RIGHT,OTHER_RECOVERY,45,47
2,18_Right.mp4,LEFT,ATTACK_PREPARATION,0,12
2,18_Right.mp4,LEFT,OTHER_NO_ACTION,13,18
2,18_Right.mp4,LEFT,DEFENSE_DISTANCE_PULL,19,33
2,18_Right.mp4,LEFT,OTHER_NO_ACTION,34,40
2,18_Right.mp4,LEFT,ATTACK_PREPARATION,41,44
2,18_Right.mp4,LEFT,ATTACK_FLUNGE,45,50
2,18_Right.mp4,RIGHT,ATTACK_PREPARATION,0,14
2,18_Right.mp4,RIGHT,ATTACK_LUNGE,15,21
2,18_Right.mp4,RIGHT,OTHER_RECOVERY,22,30
2,18_Right.mp4,RIGHT,OTHER_NO_ACTION,31,32
2,18_Right.mp4,RIGHT,ATTACK_PREPARATION,33,44
2,18_Right.mp4,RIGHT,ATTACK_STEP_CUT,45,50
2,19_Left.mp4,LEFT,ATTACK_PREPARATION,0,15
2,19_Left.mp4,LEFT,OTHER_NO_ACTION,16,24
2,19_Left.mp4,LEFT,ATTACK_FEINT,25,28
2,19_Left.mp4,LEFT,OTHER_NO_ACTION,29,29
2,19_Left.mp4,LEFT,ATTACK_STOP_CUT,30,30
2,19_Left.mp4,LEFT,OTHER_NO_ACTION,31,35
2,19_Left.mp4,LEFT,ATTACK_STOP_CUT,36,40
2,19_Left.mp4,LEFT,OTHER_NO_ACTION,41,44
2,19_Left.mp4,LEFT,ATTACK_STOP_CUT,45,48
2,19_Left.mp4,LEFT,OTHER_NO_ACTION,49,61
2,19_Left.mp4,LEFT,ATTACK_STOP_CUT,62,66
2,19_Left.mp4,RIGHT,ATTACK_PREPARATION,0,66
2,20_Right.mp4,LEFT,ATTACK_PREPARATION,0,15
2,20_Right.mp4,LEFT,ATTACK_STEP_CUT,16,21
2,20_Right.mp4,LEFT,OTHER_RECOVERY,22,23
2,20_Right.mp4,RIGHT,ATTACK_PREPARATION,0,13
2,20_Right.mp4,RIGHT,ATTACK_LUNGE,14,21
2,20_Right.mp4,RIGHT,OTHER_RECOVERY,22,23
2,21_Right.mp4,LEFT,ATTACK_PREPARATION,0,16
2,21_Right.mp4,LEFT,ATTACK_LUNGE,17,24
2,21_Right.mp4,LEFT,OTHER_RECOVERY,25,27
2,21_Right.mp4,LEFT,OTHER_NO_ACTION,28,49
2,21_Right.mp4,LEFT,ATTACK_BEAT,50,53
2,21_Right.mp4,LEFT,OTHER_NO_ACTION,54,63
2,21_Right.mp4,LEFT,DEFENSE_POINT_IN_LINE,64,81
2,21_Right.mp4,LEFT,OTHER_NO_ACTION,82,84
2,21_Right.mp4,LEFT,ATTACK_STOP_CUT,85,88
2,21_Right.mp4,LEFT,OTHER_NO_ACTION,89,108
2,21_Right.mp4,LEFT,DEFENSE_PARRY_2,109,115
2,21_Right.mp4,LEFT,OTHER_NO_ACTION,116,119
2,21_Right.mp4,RIGHT,ATTACK_PREPARATION,0,15
2,21_Right.mp4,RIGHT,OTHER_NO_ACTION,16,26
2,21_Right.mp4,RIGHT,ATTACK_PREPARATION,27,80
2,21_Right.mp4,RIGHT,ATTACK_BEAT,81,85
2,21_Right.mp4,RIGHT,OTHER_NO_ACTION,86,99
2,21_Right.mp4,RIGHT,ATTACK_PREPARATION,100,113
2,21_Right.mp4,RIGHT,ATTACK_STEP_CUT,114,119
2,22_Right.mp4,LEFT,OTHER_NO_ACTION,0,4
2,22_Right.mp4,LEFT,ATTACK_PREPARATION,5,13
2,22_Right.mp4,LEFT,OTHER_NO_ACTION,14,19
2,22_Right.mp4,LEFT,DEFENSE_DISTANCE_PULL,20,26
2,22_Right.mp4,LEFT,ATTACK_COUNTER,27,29
2,22_Right.mp4,RIGHT,ATTACK_PREPARATION,0,16
2,22_Right.mp4,RIGHT,ATTACK_LUNGE,17,27
2,22_Right.mp4,RIGHT,OTHER_RECOVERY,28,29
3,1_Right.mp4,LEFT,ATTACK_PREPARATION,0,21
3,1_Right.mp4,LEFT,ATTACK_LUNGE,22,29
3,1_Right.mp4,LEFT,OTHER_RECOVERY,30,35
3,1_Right.mp4,LEFT,OTHER_NO_ACTION,36,39
3,1_Right.mp4,LEFT,DEFENSE_PARRY_4,40,44
3,1_Right.mp4,RIGHT,ATTACK_PREPARATION,0,18
3,1_Right.mp4,RIGHT,OTHER_NO_ACTION,19,29
3,1_Right.mp4,RIGHT,ATTACK_PREPARATION,30,36
3,1_Right.mp4,RIGHT,ATTACK_STEP_CUT,37,42
3,1_Right.mp4,RIGHT,OTHER_RECOVERY,43,44
3,2_Right.mp4,LEFT,ATTACK_PREPARATION,0,23
3,2_Right.mp4,LEFT,OTHER_NO_ACTION,24,39
3,2_Right.mp4,LEFT,ATTACK_FEINT,40,44
3,2_Right.mp4,LEFT,OTHER_NO_ACTION,45,50
3,2_Right.mp4,LEFT,ATTACK_STOP_CUT,51,56
3,2_Right.mp4,LEFT,OTHER_NO_ACTION,57,62
3,2_Right.mp4,LEFT,DEFENSE_PARRY_4,63,69
3,2_Right.mp4,LEFT,OTHER_NO_ACTION,70,83
3,2_Right.mp4,LEFT,ATTACK_PREPARATION,84,240
3,2_Right.mp4,LEFT,ATTACK_FLUNGE,241,247
3,2_Right.mp4,LEFT,OTHER_NO_ACTION,248,262
3,2_Right.mp4,LEFT,ATTACK_REMISE,263,272
3,2_Right.mp4,RIGHT,ATTACK_PREPARATION,0,23
3,2_Right.mp4,RIGHT,OTHER_NO_ACTION,24,33
3,2_Right.mp4,RIGHT,ATTACK_PREPARATION,34,59
3,2_Right.mp4,RIGHT,ATTACK_STEP_CUT,60,65
3,2_Right.mp4,RIGHT,OTHER_RECOVERY,66,72
3,2_Right.mp4,RIGHT,OTHER_NO_ACTION,73,244
3,2_Right.mp4,RIGHT,DEFENSE_DISTANCE_PULL,245,258
3,2_Right.mp4,RIGHT,OTHER_NO_ACTION,259,264
3,2_Right.mp4,RIGHT,ATTACK_COUNTER,265,267
3,2_Right.mp4,RIGHT,OTHER_RECOVERY,268,272
3,3_Left.mp4,LEFT,OTHER_NO_ACTION,0,29
3,3_Left.mp4,LEFT,ATTACK_FEINT,30,33
3,3_Left.mp4,LEFT,OTHER_NO_ACTION,34,38
3,3_Left.mp4,LEFT,ATTACK_PREPARATION,39,44
3,3_Left.mp4,LEFT,ATTACK_STEP_CUT,45,49
3,3_Left.mp4,LEFT,OTHER_RECOVERY,50,53
3,3_Left.mp4,RIGHT,ATTACK_PREPARATION,0,23
3,3_Left.mp4,RIGHT,OTHER_NO_ACTION,24,39
3,3_Left.mp4,RIGHT,ATTACK_PREPARATION,40,45
3,3_Left.mp4,RIGHT,ATTACK_STEP_CUT,46,49
3,3_Left.mp4,RIGHT,OTHER_RECOVERY,50,53
3,4_Right.mp4,LEFT,ATTACK_PREPARATION,0,23
3,4_Right.mp4,LEFT,ATTACK_LUNGE,24,31
3,4_Right.mp4,LEFT,OTHER_RECOVERY,32,37
3,4_Right.mp4,LEFT,OTHER_NO_ACTION,38,42
3,4_Right.mp4,LEFT,ATTACK_COUNTER,43,46
3,4_Right.mp4,LEFT,DEFENSE_DISTANCE_PULL,47,51
3,4_Right.mp4,RIGHT,ATTACK_PREPARATION,0,18
3,4_Right.mp4,RIGHT,OTHER_NO_ACTION,19,33
3,4_Right.mp4,RIGHT,ATTACK_PREPARATION,34,42
3,4_Right.mp4,RIGHT,ATTACK_LUNGE,43,51
3,5_Right.mp4,LEFT,OTHER_NO_ACTION,0,25
3,5_Right.mp4,LEFT,ATTACK_PREPARATION,26,28
3,5_Right.mp4,LEFT,OTHER_NO_ACTION,29,30
3,5_Right.mp4,LEFT,DEFENSE_DISTANCE_PULL,31,35
3,5_Right.mp4,LEFT,ATTACK_COUNTER,36,37
3,5_Right.mp4,RIGHT,ATTACK_PREPARATION,0,28
3,5_Right.mp4,RIGHT,ATTACK_LUNGE,29,36
3,5_Right.mp4,RIGHT,OTHER_RECOVERY,37,37
3,6_Left.mp4,LEFT,ATTACK_PREPARATION,0,13
3,6_Left.mp4,LEFT,OTHER_NO_ACTION,14,21
3,6_Left.mp4,LEFT,ATTACK_LUNGE,22,29
3,6_Left.mp4,LEFT,OTHER_RECOVERY,30,31
3,6_Left.mp4,RIGHT,ATTACK_PREPARATION,0,16
3,6_Left.mp4,RIGHT,OTHER_NO_ACTION,17,21
3,6_Left.mp4,RIGHT,ATTACK_PREPARATION,22,25
3,6_Left.mp4,RIGHT,ATTACK_LUNGE,26,30
3,6_Left.mp4,RIGHT,OTHER_RECOVERY,31,31
3,7_Left.mp4,LEFT,ATTACK_PREPARATION,0,17
3,7_Left.mp4,LEFT,OTHER_NO_ACTION,18,28
3,7_Left.mp4,LEFT,ATTACK_PREPARATION,29,68
3,7_Left.mp4,LEFT,ATTACK_BEAT,69,72
3,7_Left.mp4,LEFT,ATTACK_PREPARATION,73,92
3,7_Left.mp4,LEFT,OTHER_NO_ACTION,93,94
3,7_Left.mp4,LEFT,DEFENSE_DISTANCE_PULL,95,114
3,7_Left.mp4,LEFT,OTHER_NO_ACTION,115,119
3,7_Left.mp4,LEFT,ATTACK_PREPARATION,120,133
3,7_Left.mp4,LEFT,ATTACK_COUNTER,134,139
3,7_Left.mp4,RIGHT,ATTACK_PREPARATION,0,22
3,7_Left.mp4,RIGHT,OTHER_NO_ACTION,23,69
3,7_Left.mp4,RIGHT,DEFENSE_DISTANCE_PULL,70,83
3,7_Left.mp4,RIGHT,OTHER_NO_ACTION,84,92
3,7_Left.mp4,RIGHT,ATTACK_PREPARATION,93,96
3,7_Left.mp4,RIGHT,ATTACK_LUNGE,97,103
3,7_Left.mp4,RIGHT,OTHER_RECOVERY,104,107
3,7_Left.mp4,RIGHT,OTHER_NO_ACTION,108,129
3,7_Left.mp4,RIGHT,ATTACK_STOP_CUT,130,134
3,7_Left.mp4,RIGHT,DEFENSE_PARRY_4,135,139
3,8_Right.mp4,LEFT,ATTACK_PREPARATION,0,18
3,8_Right.mp4,LEFT,OTHER_NO_ACTION,19,21
3,8_Right.mp4,LEFT,ATTACK_BEAT,22,27
3,8_Right.mp4,LEFT,OTHER_NO_ACTION,28,32
3,8_Right.mp4,RIGHT,ATTACK_PREPARATION,0,23
3,8_Right.mp4,RIGHT,ATTACK_LUNGE,24,30
3,8_Right.mp4,RIGHT,OTHER_RECOVERY,31,32
3,9_Left.mp4,LEFT,ATTACK_PREPARATION,0,16
3,9_Left.mp4,LEFT,OTHER_NO_ACTION,17,25
3,9_Left.mp4,LEFT,ATTACK_PREPARATION,26,105
3,9_Left.mp4,LEFT,ATTACK_BEAT,106,109
3,9_Left.mp4,LEFT,ATTACK_PREPARATION,110,114
3,9_Left.mp4,LEFT,ATTACK_BEAT,115,115
3,9_Left.mp4,LEFT,ATTACK_PREPARATION,116,116
3,9_Left.mp4,LEFT,ATTACK_BEAT,117,120
3,9_Left.mp4,LEFT,ATTACK_PREPARATION,121,131
3,9_Left.mp4,LEFT,ATTACK_BEAT,132,132
3,9_Left.mp4,LEFT,ATTACK_PREPARATION,133,134
3,9_Left.mp4,LEFT,ATTACK_BEAT,135,138
3,9_Left.mp4,LEFT,ATTACK_PREPARATION,139,148
3,9_Left.mp4,LEFT,ATTACK_BEAT,149,149
3,9_Left.mp4,LEFT,ATTACK_PREPARATION,150,193
3,9_Left.mp4,LEFT,ATTACK_FLUNGE,194,199
3,9_Left.mp4,RIGHT,ATTACK_PREPARATION,0,18
3,9_Left.mp4,RIGHT,OTHER_NO_ACTION,19,67
3,9_Left.mp4,RIGHT,DEFENSE_POINT_IN_LINE,68,133
3,9_Left.mp4,RIGHT,OTHER_NO_ACTION,134,141
3,9_Left.mp4,RIGHT,DEFENSE_POINT_IN_LINE,142,156
3,9_Left.mp4,RIGHT,OTHER_NO_ACTION,157,173
3,9_Left.mp4,RIGHT,ATTACK_STOP_CUT,174,178
3,9_Left.mp4,RIGHT,OTHER_NO_ACTION,179,199
3,10_Left.mp4,LEFT,ATTACK_PREPARATION,0,20
3,10_Left.mp4,LEFT,OTHER_NO_ACTION,21,31
3,10_Left.mp4,LEFT,ATTACK_PREPARATION,32,39
3,10_Left.mp4,LEFT,ATTACK_STEP_CUT,40,44
3,10_Left.mp4,RIGHT,ATTACK_PREPARATION,0,20
3,10_Left.mp4,RIGHT,OTHER_NO_ACTION,21,31
3,10_Left.mp4,RIGHT,ATTACK_PREPARATION,32,38
3,10_Left.mp4,RIGHT,ATTACK_LUNGE,39,44
3,11_Right.mp4,LEFT,ATTACK_PREPARATION,0,23
3,11_Right.mp4,LEFT,OTHER_NO_ACTION,24,28
3,11_Right.mp4,LEFT,DEFENSE_PARRY_2,29,33
3,11_Right.mp4,LEFT,OTHER_NO_ACTION,34,38
3,11_Right.mp4,RIGHT,ATTACK_PREPARATION,0,29
3,11_Right.mp4,RIGHT,ATTACK_LUNGE,30,37
3,11_Right.mp4,RIGHT,OTHER_RECOVERY,38,38
3,12_Left.mp4,LEFT,OTHER_NO_ACTION,0,12
3,12_Left.mp4,LEFT,ATTACK_PREPARATION,13,24
3,12_Left.mp4,LEFT,ATTACK_STEP_CUT,25,29
3,12_Left.mp4,LEFT,OTHER_RECOVERY,30,44
3,12_Left.mp4,RIGHT,ATTACK_PREPARATION,0,10
3,12_Left.mp4,RIGHT,OTHER_NO_ACTION,11,21
3,12_Left.mp4,RIGHT,DEFENSE_PARRY_5,22,30
3,12_Left.mp4,RIGHT,OTHER_RECOVERY,31,44
3,13_Left.mp4,LEFT,ATTACK_PREPARATION,0,17
3,13_Left.mp4,LEFT,ATTACK_LUNGE,18,28
3,13_Left.mp4,LEFT,OTHER_RECOVERY,29,33
3,13_Left.mp4,RIGHT,ATTACK_PREPARATION,0,13
3,13_Left.mp4,RIGHT,OTHER_NO_ACTION,14,20
3,13_Left.mp4,RIGHT,DEFENSE_DISTANCE_PULL,21,27
3,13_Left.mp4,RIGHT,ATTACK_COUNTER,28,33
3,14_Right.mp4,LEFT,ATTACK_PREPARATION,0,19
3,14_Right.mp4,LEFT,OTHER_NO_ACTION,20,24
3,14_Right.mp4,LEFT,ATTACK_LUNGE,25,32
3,14_Right.mp4,LEFT,OTHER_RECOVERY,33,39
3,14_Right.mp4,LEFT,OTHER_NO_ACTION,40,45
3,14_Right.mp4,LEFT,DEFENSE_DISTANCE_PULL,46,65
3,14_Right.mp4,LEFT,OTHER_NO_ACTION,66,72
3,14_Right.mp4,LEFT,ATTACK_PREPARATION,73,93
3,14_Right.mp4,LEFT,ATTACK_BEAT,94,103
3,14_Right.mp4,LEFT,OTHER_NO_ACTION,104,118
3,14_Right.mp4,LEFT,DEFENSE_PARRY_2,119,123
3,14_Right.mp4,LEFT,OTHER_NO_ACTION,124,127
3,14_Right.mp4,RIGHT,OTHER_NO_ACTION,0,5
3,14_Right.mp4,RIGHT,ATTACK_PREPARATION,6,24
3,14_Right.mp4,RIGHT,OTHER_NO_ACTION,25,35
3,14_Right.mp4,RIGHT,ATTACK_PREPARATION,36,44
3,14_Right.mp4,RIGHT,ATTACK_LUNGE,45,53
3,14_Right.mp4,RIGHT,OTHER_RECOVERY,54,57
3,14_Right.mp4,RIGHT,OTHER_NO_ACTION,58,70
3,14_Right.mp4,RIGHT,DEFENSE_POINT_IN_LINE,71,111
3,14_Right.mp4,RIGHT,ATTACK_PREPARATION,112,119
3,14_Right.mp4,RIGHT,ATTACK_STEP_CUT,120,127
3,15_Left.mp4,LEFT,ATTACK_PREPARATION,0,17
3,15_Left.mp4,LEFT,ATTACK_LUNGE,18,26
3,15_Left.mp4,LEFT,OTHER_RECOVERY,27,29
3,15_Left.mp4,RIGHT,ATTACK_PREPARATION,0,13
3,15_Left.mp4,RIGHT,OTHER_NO_ACTION,14,18
3,15_Left.mp4,RIGHT,DEFENSE_DISTANCE_PULL,19,29
3,16_Right.mp4,LEFT,ATTACK_PREPARATION,0,13
3,16_Right.mp4,LEFT,OTHER_NO_ACTION,14,32
3,16_Right.mp4,LEFT,ATTACK_PREPARATION,33,42
3,16_Right.mp4,LEFT,DEFENSE_PARRY_4,43,49
3,16_Right.mp4,LEFT,ATTACK_RIPOSTE,50,52
3,16_Right.mp4,RIGHT,ATTACK_PREPARATION,0,15
3,16_Right.mp4,RIGHT,OTHER_NO_ACTION,16,36
3,16_Right.mp4,RIGHT,ATTACK_PREPARATION,37,42
3,16_Right.mp4,RIGHT,ATTACK_LUNGE,43,49
3,16_Right.mp4,RIGHT,OTHER_RECOVERY,50,52
3,17_Left.mp4,LEFT,ATTACK_PREPARATION,0,9
3,17_Left.mp4,LEFT,OTHER_NO_ACTION,10,31
3,17_Left.mp4,LEFT,ATTACK_PREPARATION,32,39
3,17_Left.mp4,LEFT,ATTACK_LUNGE,40,46
3,17_Left.mp4,RIGHT,ATTACK_PREPARATION,0,19
3,17_Left.mp4,RIGHT,OTHER_NO_ACTION,20,32
3,17_Left.mp4,RIGHT,ATTACK_PREPARATION,33,46
3,18_Left.mp4,LEFT,ATTACK_PREPARATION,0,10
3,18_Left.mp4,LEFT,OTHER_NO_ACTION,11,22
3,18_Left.mp4,LEFT,ATTACK_LUNGE,23,31
3,18_Left.mp4,LEFT,OTHER_RECOVERY,32,40
3,18_Left.mp4,RIGHT,ATTACK_PREPARATION,0,15
3,18_Left.mp4,RIGHT,OTHER_NO_ACTION,16,27
3,18_Left.mp4,RIGHT,ATTACK_LUNGE,28,34
3,18_Left.mp4,RIGHT,OTHER_RECOVERY,35,40
3,19_Left.mp4,LEFT,ATTACK_PREPARATION,0,15
3,19_Left.mp4,LEFT,OTHER_NO_ACTION,16,23
3,19_Left.mp4,LEFT,ATTACK_PREPARATION,24,32
3,19_Left.mp4,LEFT,ATTACK_STEP_CUT,33,37
3,19_Left.mp4,LEFT,OTHER_RECOVERY,38,40
3,19_Left.mp4,LEFT,OTHER_NO_ACTION,41,57
3,19_Left.mp4,LEFT,ATTACK_STOP_CUT,58,61
3,19_Left.mp4,LEFT,DEFENSE_DISTANCE_PULL,62,75
3,19_Left.mp4,LEFT,OTHER_NO_ACTION,76,81
3,19_Left.mp4,LEFT,ATTACK_PREPARATION,82,163
3,19_Left.mp4,LEFT,ATTACK_FLUNGE,164,174
3,19_Left.mp4,RIGHT,ATTACK_PREPARATION,0,16
3,19_Left.mp4,RIGHT,OTHER_NO_ACTION,17,46
3,19_Left.mp4,RIGHT,ATTACK_PREPARATION,47,59
3,19_Left.mp4,RIGHT,ATTACK_STEP_CUT,60,66
3,19_Left.mp4,RIGHT,OTHER_NO_ACTION,67,94
3,19_Left.mp4,RIGHT,ATTACK_STOP_CUT,95,99
3,19_Left.mp4,RIGHT,OTHER_NO_ACTION,100,109
3,19_Left.mp4,RIGHT,DEFENSE_POINT_IN_LINE,110,160
3,19_Left.mp4,RIGHT,OTHER_NO_ACTION,161,166
3,19_Left.mp4,RIGHT,DEFENSE_DISTANCE_PULL,167,174
3,20_Right.mp4,LEFT,ATTACK_PREPARATION,0,19
3,20_Right.mp4,LEFT,OTHER_NO_ACTION,20,22
3,20_Right.mp4,LEFT,ATTACK_LUNGE,23,28
3,20_Right.mp4,LEFT,OTHER_RECOVERY,29,36
3,20_Right.mp4,RIGHT,ATTACK_PREPARATION,0,22
3,20_Right.mp4,RIGHT,ATTACK_LUNGE,23,30
3,20_Right.mp4,RIGHT,OTHER_RECOVERY,31,36
3,21_Left.mp4,LEFT,ATTACK_PREPARATION,0,15
3,21_Left.mp4,LEFT,OTHER_NO_ACTION,16,21
3,21_Left.mp4,LEFT,ATTACK_PREPARATION,22,42
3,21_Left.mp4,LEFT,ATTACK_COMPOUND,43,50
3,21_Left.mp4,RIGHT,ATTACK_PREPARATION,0,17
3,21_Left.mp4,RIGHT,OTHER_NO_ACTION,18,33
3,21_Left.mp4,RIGHT,DEFENSE_DISTANCE_PULL,34,50
3,22_Left.mp4,LEFT,ATTACK_PREPARATION,0,11
3,22_Left.mp4,LEFT,OTHER_NO_ACTION,12,19
3,22_Left.mp4,LEFT,DEFENSE_DISTANCE_PULL,20,23
3,22_Left.mp4,LEFT,ATTACK_SKY_HOOK,24,28
3,22_Left.mp4,RIGHT,ATTACK_PREPARATION,0,18
3,22_Left.mp4,RIGHT,ATTACK_LUNGE,19,25
3,22_Left.mp4,RIGHT,OTHER_RECOVERY,26,28
3,23_Right.mp4,LEFT,ATTACK_PREPARATION,0,17
3,23_Right.mp4,LEFT,OTHER_NO_ACTION,18,25
3,23_Right.mp4,LEFT,DEFENSE_DISTANCE_PULL,26,33
3,23_Right.mp4,LEFT,OTHER_NO_ACTION,34,38
3,23_Right.mp4,RIGHT,OTHER_NO_ACTION,0,2
3,23_Right.mp4,RIGHT,ATTACK_PREPARATION,3,23
3,23_Right.mp4,RIGHT,ATTACK_LUNGE,24,31
3,23_Right.mp4,RIGHT,OTHER_RECOVERY,32,38
3,24_Right.mp4,LEFT,ATTACK_PREPARATION,0,21
3,24_Right.mp4,LEFT,ATTACK_LUNGE,22,28
3,24_Right.mp4,LEFT,OTHER_RECOVERY,29,34
3,24_Right.mp4,LEFT,OTHER_NO_ACTION,35,39
3,24_Right.mp4,LEFT,ATTACK_PREPARATION,40,42
3,24_Right.mp4,LEFT,ATTACK_STOP_CUT,43,47
3,24_Right.mp4,LEFT,OTHER_NO_ACTION,48,52
3,24_Right.mp4,LEFT,ATTACK_STOP_CUT,53,56
3,24_Right.mp4,LEFT,OTHER_NO_ACTION,57,58
3,24_Right.mp4,RIGHT,OTHER_NO_ACTION,0,3
3,24_Right.mp4,RIGHT,ATTACK_PREPARATION,4,18
3,24_Right.mp4,RIGHT,OTHER_NO_ACTION,19,24
3,24_Right.mp4,RIGHT,DEFENSE_DISTANCE_PULL,25,36
3,24_Right.mp4,RIGHT,OTHER_NO_ACTION,37,44
3,24_Right.mp4,RIGHT,ATTACK_PREPARATION,45,51
3,24_Right.mp4,RIGHT,ATTACK_STEP_CUT,52,57
3,24_Right.mp4,RIGHT,OTHER_RECOVERY,58,58
3,25_Left.mp4,LEFT,ATTACK_PREPARATION,0,12
3,25_Left.mp4,LEFT,OTHER_NO_ACTION,13,23
3,25_Left.mp4,LEFT,ATTACK_PREPARATION,24,29
3,25_Left.mp4,LEFT,ATTACK_LUNGE,30,36
3,25_Left.mp4,LEFT,OTHER_RECOVERY,37,39
3,25_Left.mp4,RIGHT,ATTACK_PREPARATION,0,13
3,25_Left.mp4,RIGHT,OTHER_NO_ACTION,14,27
3,25_Left.mp4,RIGHT,ATTACK_PREPARATION,28,33
3,25_Left.mp4,RIGHT,ATTACK_COUNTER,34,38
3,25_Left.mp4,RIGHT,OTHER_RECOVERY,39,39
3,26_Right.mp4,LEFT,ATTACK_PREPARATION,0,16
3,26_Right.mp4,LEFT,ATTACK_LUNGE,17,22
3,26_Right.mp4,RIGHT,ATTACK_PREPARATION,0,17
3,26_Right.mp4,RIGHT,ATTACK_LUNGE,18,22
3,27_Left.mp4,LEFT,ATTACK_PREPARATION,0,12
3,27_Left.mp4,LEFT,OTHER_NO_ACTION,13,21
3,27_Left.mp4,LEFT,ATTACK_PREPARATION,22,34
3,27_Left.mp4,LEFT,ATTACK_STEP_CUT,35,37
3,27_Left.mp4,LEFT,DEFENSE_PARRY_5,38,44
3,27_Left.mp4,LEFT,ATTACK_RIPOSTE,45,52
3,27_Left.mp4,RIGHT,OTHER_NO_ACTION,0,4
3,27_Left.mp4,RIGHT,ATTACK_PREPARATION,5,17
3,27_Left.mp4,RIGHT,OTHER_NO_ACTION,18,31
3,27_Left.mp4,RIGHT,ATTACK_FEINT,32,35
3,27_Left.mp4,RIGHT,OTHER_NO_ACTION,36,40
3,27_Left.mp4,RIGHT,ATTACK_COUNTER,41,45
3,27_Left.mp4,RIGHT,OTHER_NO_ACTION,46,52
4,1_Right.mp4,LEFT,ATTACK_PREPARATION,0,12
4,1_Right.mp4,LEFT,OTHER_NO_ACTION,13,16
4,1_Right.mp4,LEFT,DEFENSE_PARRY_1,17,20
4,1_Right.mp4,RIGHT,ATTACK_PREPARATION,0,13
4,1_Right.mp4,RIGHT,ATTACK_LUNGE,14,20
4,2_Left.mp4,LEFT,ATTACK_PREPARATION,0,15
4,2_Left.mp4,LEFT,ATTACK_LUNGE,16,22
4,2_Left.mp4,LEFT,OTHER_RECOVERY,23,29
4,2_Left.mp4,LEFT,OTHER_NO_ACTION,30,32
4,2_Left.mp4,LEFT,DEFENSE_DISTANCE_PULL,33,33
4,2_Left.mp4,LEFT,OTHER_NO_ACTION,34,50
4,2_Left.mp4,LEFT,ATTACK_STOP_CUT,51,55
4,2_Left.mp4,RIGHT,ATTACK_PREPARATION,0,12
4,2_Left.mp4,RIGHT,OTHER_NO_ACTION,13,19
4,2_Left.mp4,RIGHT,DEFENSE_DISTANCE_PULL,20,32
4,2_Left.mp4,RIGHT,OTHER_NO_ACTION,33,36
4,2_Left.mp4,RIGHT,ATTACK_PREPARATION,37,45
4,2_Left.mp4,RIGHT,ATTACK_LUNGE,46,54
4,2_Left.mp4,RIGHT,OTHER_RECOVERY,55,55
4,3_Left.mp4,LEFT,ATTACK_PREPARATION,0,14
4,3_Left.mp4,LEFT,ATTACK_LUNGE,15,20
4,3_Left.mp4,LEFT,OTHER_RECOVERY,21,23
4,3_Left.mp4,RIGHT,ATTACK_PREPARATION,0,10
4,3_Left.mp4,RIGHT,OTHER_NO_ACTION,11,18
4,3_Left.mp4,RIGHT,ATTACK_LUNGE,19,23
4,4_Right.mp4,LEFT,ATTACK_PREPARATION,0,10
4,4_Right.mp4,LEFT,OTHER_NO_ACTION,11,14
4,4_Right.mp4,LEFT,ATTACK_PREPARATION,15,53
4,4_Right.mp4,RIGHT,ATTACK_PREPARATION,0,8
4,4_Right.mp4,RIGHT,OTHER_NO_ACTION,9,20
4,4_Right.mp4,RIGHT,ATTACK_STOP_CUT,21,26
4,4_Right.mp4,RIGHT,DEFENSE_DISTANCE_PULL,27,38
4,4_Right.mp4,RIGHT,DEFENSE_POINT_IN_LINE,39,53
4,5_Left.mp4,LEFT,ATTACK_PREPARATION,0,16
4,5_Left.mp4,LEFT,OTHER_NO_ACTION,17,23
4,5_Left.mp4,RIGHT,ATTACK_PREPARATION,0,15
4,5_Left.mp4,RIGHT,ATTACK_LUNGE,16,23
4,6_Left.mp4,LEFT,ATTACK_PREPARATION,0,13
4,6_Left.mp4,LEFT,OTHER_NO_ACTION,14,19
4,6_Left.mp4,LEFT,ATTACK_PREPARATION,20,27
4,6_Left.mp4,LEFT,ATTACK_LUNGE,28,34
4,6_Left.mp4,LEFT,OTHER_RECOVERY,35,40
4,6_Left.mp4,LEFT,OTHER_NO_ACTION,41,48
4,6_Left.mp4,LEFT,ATTACK_STOP_CUT,49,51
4,6_Left.mp4,LEFT,DEFENSE_DISTANCE_PULL,52,74
4,6_Left.mp4,LEFT,OTHER_NO_ACTION,75,76
4,6_Left.mp4,LEFT,ATTACK_PREPARATION,77,110
4,6_Left.mp4,LEFT,DEFENSE_PARRY_3,111,116
4,6_Left.mp4,LEFT,ATTACK_RIPOSTE,117,122
4,6_Left.mp4,RIGHT,ATTACK_PREPARATION,0,11
4,6_Left.mp4,RIGHT,OTHER_NO_ACTION,12,26
4,6_Left.mp4,RIGHT,DEFENSE_DISTANCE_PULL,27,44
4,6_Left.mp4,RIGHT,OTHER_NO_ACTION,45,50
4,6_Left.mp4,RIGHT,ATTACK_COUNTER,51,57
4,6_Left.mp4,RIGHT,OTHER_NO_ACTION,58,85
4,6_Left.mp4,RIGHT,ATTACK_STOP_CUT,86,91
4,6_Left.mp4,RIGHT,OTHER_NO_ACTION,92,101
4,6_Left.mp4,RIGHT,ATTACK_STOP_CUT,102,116
4,6_Left.mp4,RIGHT,OTHER_NO_ACTION,117,122
4,7_Right.mp4,LEFT,ATTACK_PREPARATION,0,10
4,7_Right.mp4,LEFT,OTHER_NO_ACTION,11,16
4,7_Right.mp4,LEFT,DEFENSE_DISTANCE_PULL,17,40
4,7_Right.mp4,LEFT,OTHER_NO_ACTION,41,47
4,7_Right.mp4,LEFT,ATTACK_PREPARATION,48,56
4,7_Right.mp4,LEFT,ATTACK_BEAT,57,62
4,7_Right.mp4,LEFT,ATTACK_PREPARATION,63,88
4,7_Right.mp4,LEFT,OTHER_NO_ACTION,89,101
4,7_Right.mp4,RIGHT,ATTACK_PREPARATION,0,12
4,7_Right.mp4,RIGHT,ATTACK_LUNGE,13,21
4,7_Right.mp4,RIGHT,OTHER_RECOVERY,22,29
4,7_Right.mp4,RIGHT,OTHER_NO_ACTION,30,49
4,7_Right.mp4,RIGHT,DEFENSE_POINT_IN_LINE,50,72
4,7_Right.mp4,RIGHT,OTHER_NO_ACTION,73,93
4,7_Right.mp4,RIGHT,ATTACK_STOP_CUT,94,101
4,8_Left.mp4,LEFT,ATTACK_PREPARATION,0,17
4,8_Left.mp4,LEFT,ATTACK_LUNGE,18,25
4,8_Left.mp4,LEFT,OTHER_RECOVERY,26,33
4,8_Left.mp4,LEFT,ATTACK_REMISE,34,37
4,8_Left.mp4,LEFT,OTHER_NO_ACTION,38,51
4,8_Left.mp4,LEFT,DEFENSE_POINT_IN_LINE,52,74
4,8_Left.mp4,LEFT,OTHER_NO_ACTION,75,82
4,8_Left.mp4,LEFT,DEFENSE_POINT_IN_LINE,83,127
4,8_Left.mp4,LEFT,ATTACK_STOP_CUT,128,132
4,8_Left.mp4,LEFT,OTHER_NO_ACTION,133,135
4,8_Left.mp4,LEFT,ATTACK_COUNTER,136,139
4,8_Left.mp4,LEFT,OTHER_NO_ACTION,140,140
4,8_Left.mp4,RIGHT,ATTACK_PREPARATION,0,19
4,8_Left.mp4,RIGHT,OTHER_NO_ACTION,20,23
4,8_Left.mp4,RIGHT,DEFENSE_DISTANCE_PULL,24,48
4,8_Left.mp4,RIGHT,OTHER_NO_ACTION,49,50
4,8_Left.mp4,RIGHT,ATTACK_PREPARATION,51,111
4,8_Left.mp4,RIGHT,ATTACK_BEAT,112,119
4,8_Left.mp4,RIGHT,ATTACK_PREPARATION,120,129
4,8_Left.mp4,RIGHT,ATTACK_LUNGE,130,138
4,8_Left.mp4,RIGHT,OTHER_RECOVERY,139,140
4,9_Left.mp4,LEFT,ATTACK_PREPARATION,0,16
4,9_Left.mp4,LEFT,OTHER_NO_ACTION,17,20
4,9_Left.mp4,LEFT,ATTACK_PREPARATION,21,27
4,9_Left.mp4,LEFT,ATTACK_LUNGE,28,35
4,9_Left.mp4,LEFT,OTHER_RECOVERY,36,36
4,9_Left.mp4,RIGHT,ATTACK_PREPARATION,0,10
4,9_Left.mp4,RIGHT,OTHER_NO_ACTION,11,23
4,9_Left.mp4,RIGHT,ATTACK_LUNGE,24,34
4,9_Left.mp4,RIGHT,OTHER_RECOVERY,35,36
4,10_Right.mp4,LEFT,ATTACK_PREPARATION,0,13
4,10_Right.mp4,LEFT,OTHER_NO_ACTION,14,17
4,10_Right.mp4,LEFT,DEFENSE_DISTANCE_PULL,18,40
4,10_Right.mp4,LEFT,OTHER_NO_ACTION,41,44
4,10_Right.mp4,LEFT,ATTACK_PREPARATION,45,113
4,10_Right.mp4,LEFT,ATTACK_LUNGE,114,120
4,10_Right.mp4,LEFT,OTHER_RECOVERY,121,131
4,10_Right.mp4,LEFT,OTHER_NO_ACTION,132,157
4,10_Right.mp4,LEFT,ATTACK_BEAT,158,162
4,10_Right.mp4,LEFT,OTHER_NO_ACTION,163,176
4,10_Right.mp4,LEFT,DEFENSE_POINT_IN_LINE,177,186
4,10_Right.mp4,LEFT,OTHER_NO_ACTION,187,197
4,10_Right.mp4,LEFT,ATTACK_STOP_CUT,198,201
4,10_Right.mp4,LEFT,OTHER_NO_ACTION,202,207
4,10_Right.mp4,LEFT,ATTACK_STOP_CUT,208,211
4,10_Right.mp4,LEFT,DEFENSE_DISTANCE_PULL,212,236
4,10_Right.mp4,LEFT,OTHER_NO_ACTION,237,240
4,10_Right.mp4,LEFT,ATTACK_STOP_CUT,241,245
4,10_Right.mp4,LEFT,OTHER_NO_ACTION,246,249
4,10_Right.mp4,LEFT,ATTACK_STOP_CUT,250,252
4,10_Right.mp4,LEFT,OTHER_NO_ACTION,253,256
4,10_Right.mp4,RIGHT,ATTACK_PREPARATION,0,12
4,10_Right.mp4,RIGHT,ATTACK_LUNGE,13,22
4,10_Right.mp4,RIGHT,OTHER_RECOVERY,23,31
4,10_Right.mp4,RIGHT,OTHER_NO_ACTION,32,38
4,10_Right.mp4,RIGHT,DEFENSE_POINT_IN_LINE,39,71
4,10_Right.mp4,RIGHT,ATTACK_BEAT,72,79
4,10_Right.mp4,RIGHT,OTHER_NO_ACTION,80,105
4,10_Right.mp4,RIGHT,DEFENSE_DISTANCE_PULL,106,133
4,10_Right.mp4,RIGHT,OTHER_NO_ACTION,134,137
4,10_Right.mp4,RIGHT,ATTACK_PREPARATION,138,246
4,10_Right.mp4,RIGHT,ATTACK_FLUNGE,247,256
4,11_Right.mp4,LEFT,ATTACK_PREPARATION,0,13
4,11_Right.mp4,LEFT,OTHER_NO_ACTION,14,19
4,11_Right.mp4,LEFT,DEFENSE_PARRY_4,20,22
4,11_Right.mp4,RIGHT,ATTACK_PREPARATION,0,13
4,11_Right.mp4,RIGHT,ATTACK_LUNGE,14,22
4,12_Left.mp4,LEFT,ATTACK_PREPARATION,0,12
4,12_Left.mp4,LEFT,OTHER_NO_ACTION,13,18
4,12_Left.mp4,LEFT,ATTACK_PREPARATION,19,52
4,12_Left.mp4,LEFT,ATTACK_STEP_CUT,53,58
4,12_Left.mp4,RIGHT,ATTACK_PREPARATION,0,9
4,12_Left.mp4,RIGHT,OTHER_NO_ACTION,10,24
4,12_Left.mp4,RIGHT,ATTACK_STOP_CUT,25,28
4,12_Left.mp4,RIGHT,DEFENSE_DISTANCE_PULL,29,38
4,12_Left.mp4,RIGHT,DEFENSE_POINT_IN_LINE,39,56
4,12_Left.mp4,RIGHT,OTHER_NO_ACTION,57,58
4,13_Left.mp4,LEFT,ATTACK_PREPARATION,0,17
4,13_Left.mp4,LEFT,ATTACK_LUNGE,18,23
4,13_Left.mp4,LEFT,OTHER_RECOVERY,24,25
4,13_Left.mp4,RIGHT,ATTACK_PREPARATION,0,18
4,13_Left.mp4,RIGHT,ATTACK_LUNGE,19,25
4,14_Right.mp4,LEFT,ATTACK_PREPARATION,0,17
4,14_Right.mp4,LEFT,OTHER_NO_ACTION,18,28
4,14_Right.mp4,LEFT,ATTACK_PREPARATION,29,37
4,14_Right.mp4,LEFT,ATTACK_LUNGE,38,43
4,14_Right.mp4,RIGHT,OTHER_NO_ACTION,0,2
4,14_Right.mp4,RIGHT,ATTACK_PREPARATION,3,18
4,14_Right.mp4,RIGHT,OTHER_NO_ACTION,19,34
4,14_Right.mp4,RIGHT,ATTACK_STOP_CUT,35,39
4,14_Right.mp4,RIGHT,DEFENSE_DISTANCE_PULL,40,43
4,15_Right.mp4,LEFT,ATTACK_PREPARATION,0,13
4,15_Right.mp4,LEFT,ATTACK_LUNGE,14,20
4,15_Right.mp4,LEFT,OTHER_RECOVERY,21,22
4,15_Right.mp4,RIGHT,ATTACK_PREPARATION,0,12
4,15_Right.mp4,RIGHT,ATTACK_LUNGE,13,22
4,16_Right.mp4,LEFT,ATTACK_PREPARATION,0,18
4,16_Right.mp4,LEFT,ATTACK_LUNGE,19,25
4,16_Right.mp4,LEFT,OTHER_RECOVERY,26,31
4,16_Right.mp4,LEFT,ATTACK_REMISE,32,36
4,16_Right.mp4,LEFT,OTHER_RECOVERY,37,41
4,16_Right.mp4,LEFT,OTHER_NO_ACTION,42,49
4,16_Right.mp4,LEFT,DEFENSE_POINT_IN_LINE,50,84
4,16_Right.mp4,LEFT,ATTACK_BEAT,85,87
4,16_Right.mp4,LEFT,OTHER_RECOVERY,88,90
4,16_Right.mp4,LEFT,ATTACK_STOP_CUT,91,96
4,16_Right.mp4,RIGHT,ATTACK_PREPARATION,0,16
4,16_Right.mp4,RIGHT,OTHER_NO_ACTION,17,23
4,16_Right.mp4,RIGHT,DEFENSE_DISTANCE_PULL,24,34
4,16_Right.mp4,RIGHT,OTHER_NO_ACTION,35,44
4,16_Right.mp4,RIGHT,ATTACK_PREPARATION,45,88
4,16_Right.mp4,RIGHT,ATTACK_LUNGE,89,96
4,17_Left.mp4,LEFT,ATTACK_PREPARATION,0,14
4,17_Left.mp4,LEFT,OTHER_NO_ACTION,15,19
4,17_Left.mp4,LEFT,ATTACK_PREPARATION,20,28
4,17_Left.mp4,LEFT,ATTACK_LUNGE,29,34
4,17_Left.mp4,RIGHT,ATTACK_PREPARATION,0,10
4,17_Left.mp4,RIGHT,OTHER_NO_ACTION,11,23
4,17_Left.mp4,RIGHT,ATTACK_PREPARATION,24,27
4,17_Left.mp4,RIGHT,ATTACK_STEP_CUT,28,34
4,18_Left.mp4,LEFT,ATTACK_PREPARATION,0,12
4,18_Left.mp4,LEFT,OTHER_NO_ACTION,13,19
4,18_Left.mp4,LEFT,ATTACK_COUNTER,20,25
4,18_Left.mp4,RIGHT,ATTACK_PREPARATION,0,12
4,18_Left.mp4,RIGHT,ATTACK_LUNGE,13,20
4,18_Left.mp4,RIGHT,OTHER_RECOVERY,21,25
4,19_Left.mp4,LEFT,ATTACK_PREPARATION,0,13
4,19_Left.mp4,LEFT,OTHER_NO_ACTION,14,17
4,19_Left.mp4,LEFT,ATTACK_PREPARATION,18,19
4,19_Left.mp4,LEFT,ATTACK_COMPOUND,20,24
4,19_Left.mp4,LEFT,ATTACK_LUNGE,25,30
4,19_Left.mp4,RIGHT,ATTACK_PREPARATION,0,14
4,19_Left.mp4,RIGHT,OTHER_NO_ACTION,15,25
4,19_Left.mp4,RIGHT,DEFENSE_PARRY_4,26,30
4,20_Left.mp4,LEFT,ATTACK_PREPARATION,0,11
4,20_Left.mp4,LEFT,OTHER_NO_ACTION,12,16
4,20_Left.mp4,LEFT,DEFENSE_DISTANCE_PULL,17,19
4,20_Left.mp4,LEFT,DEFENSE_PARRY_5,20,21
4,20_Left.mp4,LEFT,ATTACK_RIPOSTE,22,26
4,20_Left.mp4,RIGHT,ATTACK_PREPARATION,0,15
4,20_Left.mp4,RIGHT,ATTACK_FLUNGE,16,26
4,21_Left.mp4,LEFT,ATTACK_PREPARATION,0,10
4,21_Left.mp4,LEFT,OTHER_NO_ACTION,11,16
4,21_Left.mp4,LEFT,ATTACK_PREPARATION,17,23
4,21_Left.mp4,LEFT,ATTACK_STEP_CUT,24,28
4,21_Left.mp4,RIGHT,ATTACK_PREPARATION,0,10
4,21_Left.mp4,RIGHT,OTHER_NO_ACTION,11,20
4,21_Left.mp4,RIGHT,ATTACK_LUNGE,21,28
4,22_Right.mp4,LEFT,ATTACK_PREPARATION,0,14
4,22_Right.mp4,LEFT,ATTACK_LUNGE,15,22
4,22_Right.mp4,LEFT,OTHER_RECOVERY,23,25
4,22_Right.mp4,RIGHT,ATTACK_PREPARATION,0,12
4,22_Right.mp4,RIGHT,ATTACK_LUNGE,13,20
4,22_Right.mp4,RIGHT,OTHER_RECOVERY,21,25
4,23_Right.mp4,LEFT,ATTACK_PREPARATION,0,11
4,23_Right.mp4,LEFT,OTHER_NO_ACTION,12,15
4,23_Right.mp4,LEFT,ATTACK_PREPARATION,16,81
4,23_Right.mp4,LEFT,ATTACK_LUNGE,82,86
4,23_Right.mp4,RIGHT,ATTACK_PREPARATION,0,11
4,23_Right.mp4,RIGHT,OTHER_NO_ACTION,12,21
4,23_Right.mp4,RIGHT,ATTACK_STOP_CUT,22,27
4,23_Right.mp4,RIGHT,DEFENSE_DISTANCE_PULL,28,39
4,23_Right.mp4,RIGHT,DEFENSE_POINT_IN_LINE,40,55
4,23_Right.mp4,RIGHT,DEFENSE_DISTANCE_PULL,56,69
4,23_Right.mp4,RIGHT,OTHER_NO_ACTION,70,79
4,23_Right.mp4,RIGHT,DEFENSE_DUCK,80,86
4,24_Right.mp4,LEFT,ATTACK_PREPARATION,0,11
4,24_Right.mp4,LEFT,OTHER_NO_ACTION,12,18
4,24_Right.mp4,RIGHT,ATTACK_PREPARATION,0,11
4,24_Right.mp4,RIGHT,ATTACK_LUNGE,12,18
4,25_Left.mp4,LEFT,ATTACK_PREPARATION,0,12
4,25_Left.mp4,LEFT,OTHER_NO_ACTION,13,17
4,25_Left.mp4,LEFT,ATTACK_PREPARATION,18,25
4,25_Left.mp4,LEFT,ATTACK_LUNGE,26,32
4,25_Left.mp4,LEFT,OTHER_RECOVERY,33,33
4,25_Left.mp4,RIGHT,ATTACK_PREPARATION,0,10
4,25_Left.mp4,RIGHT,OTHER_NO_ACTION,11,20
4,25_Left.mp4,RIGHT,ATTACK_PREPARATION,21,26
4,25_Left.mp4,RIGHT,ATTACK_STEP_CUT,27,33
4,26_Right.mp4,LEFT,ATTACK_PREPARATION,0,11
4,26_Right.mp4,LEFT,OTHER_NO_ACTION,12,16
4,26_Right.mp4,LEFT,DEFENSE_DISTANCE_PULL,17,21
4,26_Right.mp4,RIGHT,ATTACK_PREPARATION,0,15
4,26_Right.mp4,RIGHT,ATTACK_LUNGE,16,21
4,27_Right.mp4,LEFT,ATTACK_PREPARATION,0,7
4,27_Right.mp4,LEFT,OTHER_NO_ACTION,8,12
4,27_Right.mp4,LEFT,ATTACK_LUNGE,13,18
4,27_Right.mp4,RIGHT,ATTACK_PREPARATION,0,12
4,27_Right.mp4,RIGHT,ATTACK_LUNGE,13,18
4,28_Left.mp4,LEFT,ATTACK_PREPARATION,0,11
4,28_Left.mp4,LEFT,OTHER_NO_ACTION,12,14
4,28_Left.mp4,LEFT,ATTACK_LUNGE,15,20
4,28_Left.mp4,LEFT,OTHER_RECOVERY,21,22
4,28_Left.mp4,RIGHT,ATTACK_PREPARATION,0,15
4,28_Left.mp4,RIGHT,ATTACK_LUNGE,16,22
5,1_Left.mp4,LEFT,ATTACK_PREPARATION,0,12
5,1_Left.mp4,LEFT,OTHER_NO_ACTION,13,19
5,1_Left.mp4,LEFT,ATTACK_PREPARATION,20,22
5,1_Left.mp4,LEFT,ATTACK_LUNGE,23,31
5,1_Left.mp4,RIGHT,ATTACK_PREPARATION,0,16
5,1_Left.mp4,RIGHT,OTHER_NO_ACTION,17,20
5,1_Left.mp4,RIGHT,ATTACK_LUNGE,21,31
5,2_Right.mp4,LEFT,ATTACK_PREPARATION,0,16
5,2_Right.mp4,LEFT,ATTACK_LUNGE,17,23
5,2_Right.mp4,LEFT,OTHER_RECOVERY,24,32
5,2_Right.mp4,LEFT,ATTACK_REMISE,33,38
5,2_Right.mp4,RIGHT,ATTACK_PREPARATION,0,16
5,2_Right.mp4,RIGHT,OTHER_NO_ACTION,17,25
5,2_Right.mp4,RIGHT,ATTACK_PREPARATION,26,31
5,2_Right.mp4,RIGHT,ATTACK_STEP_CUT,32,35
5,2_Right.mp4,RIGHT,OTHER_RECOVERY,36,38
5,3_Left.mp4,LEFT,OTHER_NO_ACTION,0,20
5,3_Left.mp4,LEFT,ATTACK_PREPARATION,21,24
5,3_Left.mp4,LEFT,OTHER_NO_ACTION,25,39
5,3_Left.mp4,LEFT,ATTACK_PREPARATION,40,57
5,3_Left.mp4,LEFT,ATTACK_FLUNGE,58,67
5,3_Left.mp4,RIGHT,ATTACK_PREPARATION,0,8
5,3_Left.mp4,RIGHT,ATTACK_LUNGE,9,15
5,3_Left.mp4,RIGHT,OTHER_RECOVERY,16,21
5,3_Left.mp4,RIGHT,OTHER_NO_ACTION,22,23
5,3_Left.mp4,RIGHT,ATTACK_STOP_CUT,24,27
5,3_Left.mp4,RIGHT,OTHER_NO_ACTION,28,42
5,3_Left.mp4,RIGHT,ATTACK_STOP_CUT,43,47
5,3_Left.mp4,RIGHT,OTHER_NO_ACTION,48,55
5,3_Left.mp4,RIGHT,DEFENSE_DISTANCE_PULL,56,67
5,4_Right.mp4,LEFT,ATTACK_PREPARATION,0,13
5,4_Right.mp4,LEFT,ATTACK_LUNGE,14,20
5,4_Right.mp4,LEFT,OTHER_RECOVERY,21,24
5,4_Right.mp4,LEFT,DEFENSE_PARRY_3,25,30
5,4_Right.mp4,RIGHT,ATTACK_PREPARATION,0,12
5,4_Right.mp4,RIGHT,OTHER_NO_ACTION,13,20
5,4_Right.mp4,RIGHT,ATTACK_COUNTER,21,25
5,4_Right.mp4,RIGHT,OTHER_NO_ACTION,26,30
5,5_Right.mp4,LEFT,ATTACK_PREPARATION,0,14
5,5_Right.mp4,LEFT,OTHER_NO_ACTION,15,22
5,5_Right.mp4,LEFT,ATTACK_LUNGE,23,29
5,5_Right.mp4,LEFT,OTHER_RECOVERY,30,34
5,5_Right.mp4,RIGHT,ATTACK_PREPARATION,0,16
5,5_Right.mp4,RIGHT,OTHER_NO_ACTION,17,22
5,5_Right.mp4,RIGHT,ATTACK_LUNGE,23,26
5,5_Right.mp4,RIGHT,ATTACK_BEAT,27,29
5,5_Right.mp4,RIGHT,ATTACK_RIPOSTE,30,34
5,6_Right.mp4,LEFT,ATTACK_PREPARATION,0,13
5,6_Right.mp4,LEFT,OTHER_NO_ACTION,14,28
5,6_Right.mp4,LEFT,ATTACK_STOP_CUT,29,35
5,6_Right.mp4,LEFT,OTHER_NO_ACTION,36,38
5,6_Right.mp4,RIGHT,ATTACK_PREPARATION,0,16
5,6_Right.mp4,RIGHT,OTHER_NO_ACTION,17,21
5,6_Right.mp4,RIGHT,ATTACK_PREPARATION,22,33
5,6_Right.mp4,RIGHT,ATTACK_LUNGE,34,38
5,7_Right.mp4,LEFT,OTHER_NO_ACTION,0,13
5,7_Right.mp4,LEFT,ATTACK_COMPOUND,14,30
5,7_Right.mp4,RIGHT,ATTACK_PREPARATION,0,4
5,7_Right.mp4,RIGHT,ATTACK_LUNGE,5,11
5,7_Right.mp4,RIGHT,OTHER_RECOVERY,12,17
5,7_Right.mp4,RIGHT,OTHER_NO_ACTION,18,20
5,7_Right.mp4,RIGHT,ATTACK_SKY_HOOK,21,30
5,8_Right.mp4,LEFT,ATTACK_PREPARATION,0,17
5,8_Right.mp4,LEFT,OTHER_NO_ACTION,18,22
5,8_Right.mp4,LEFT,ATTACK_PREPARATION,23,27
5,8_Right.mp4,LEFT,ATTACK_STEP_CUT,28,33
5,8_Right.mp4,RIGHT,ATTACK_PREPARATION,0,17
5,8_Right.mp4,RIGHT,OTHER_NO_ACTION,18,20
5,8_Right.mp4,RIGHT,ATTACK_PREPARATION,21,23
5,8_Right.mp4,RIGHT,ATTACK_LUNGE,24,30
5,8_Right.mp4,RIGHT,OTHER_RECOVERY,31,33
5,9_Right.mp4,LEFT,ATTACK_PREPARATION,0,15
5,9_Right.mp4,LEFT,OTHER_NO_ACTION,16,20
5,9_Right.mp4,LEFT,ATTACK_PREPARATION,21,29
5,9_Right.mp4,LEFT,ATTACK_STEP_CUT,30,33
5,9_Right.mp4,LEFT,OTHER_RECOVERY,34,46
5,9_Right.mp4,RIGHT,ATTACK_PREPARATION,0,15
5,9_Right.mp4,RIGHT,OTHER_NO_ACTION,16,19
5,9_Right.mp4,RIGHT,ATTACK_PREPARATION,20,22
5,9_Right.mp4,RIGHT,ATTACK_LUNGE,23,29
5,9_Right.mp4,RIGHT,OTHER_RECOVERY,30,46
5,10_Left.mp4,LEFT,ATTACK_PREPARATION,0,14
5,10_Left.mp4,LEFT,OTHER_NO_ACTION,15,20
5,10_Left.mp4,LEFT,ATTACK_LUNGE,21,28
5,10_Left.mp4,RIGHT,ATTACK_PREPARATION,0,17
5,10_Left.mp4,RIGHT,OTHER_NO_ACTION,18,20
5,10_Left.mp4,RIGHT,ATTACK_PREPARATION,21,28
5,11_Right.mp4,LEFT,ATTACK_PREPARATION,0,12
5,11_Right.mp4,LEFT,OTHER_NO_ACTION,13,21
5,11_Right.mp4,RIGHT,ATTACK_PREPARATION,0,13
5,11_Right.mp4,RIGHT,ATTACK_FLUNGE,14,21
5,12_Right.mp4,LEFT,ATTACK_PREPARATION,0,26
5,12_Right.mp4,LEFT,ATTACK_LUNGE,27,33
5,12_Right.mp4,LEFT,OTHER_RECOVERY,34,42
5,12_Right.mp4,LEFT,OTHER_NO_ACTION,43,48
5,12_Right.mp4,LEFT,DEFENSE_POINT_IN_LINE,49,72
5,12_Right.mp4,LEFT,OTHER_NO_ACTION,73,89
5,12_Right.mp4,LEFT,DEFENSE_POINT_IN_LINE,90,106
5,12_Right.mp4,LEFT,OTHER_NO_ACTION,107,122
5,12_Right.mp4,LEFT,ATTACK_STOP_CUT,123,125
5,12_Right.mp4,LEFT,DEFENSE_PARRY_4,126,128
5,12_Right.mp4,RIGHT,ATTACK_PREPARATION,0,19
5,12_Right.mp4,RIGHT,OTHER_NO_ACTION,20,23
5,12_Right.mp4,RIGHT,DEFENSE_DISTANCE_PULL,24,42
5,12_Right.mp4,RIGHT,OTHER_NO_ACTION,43,62
5,12_Right.mp4,RIGHT,ATTACK_PREPARATION,63,98
5,12_Right.mp4,RIGHT,ATTACK_BEAT,99,102
5,12_Right.mp4,RIGHT,ATTACK_PREPARATION,103,124
5,12_Right.mp4,RIGHT,ATTACK_COUNTER,125,128
5,13_Left.mp4,LEFT,ATTACK_PREPARATION,0,0
5,13_Left.mp4,LEFT,OTHER_NO_ACTION,0,0
5,13_Left.mp4,LEFT,ATTACK_PREPARATION,1,1
5,13_Left.mp4,LEFT,OTHER_NO_ACTION,1,1
5,13_Left.mp4,LEFT,ATTACK_PREPARATION,2,2
5,13_Left.mp4,LEFT,OTHER_NO_ACTION,2,2
5,13_Left.mp4,LEFT,ATTACK_PREPARATION,3,3
5,13_Left.mp4,LEFT,OTHER_NO_ACTION,3,3
5,13_Left.mp4,LEFT,ATTACK_PREPARATION,4,4
5,13_Left.mp4,LEFT,OTHER_NO_ACTION,4,5
5,13_Left.mp4,LEFT,ATTACK_PREPARATION,5,6
5,13_Left.mp4,LEFT,ATTACK_STOP_CUT,6,6
5,13_Left.mp4,LEFT,ATTACK_PREPARATION,7,7
5,13_Left.mp4,LEFT,ATTACK_STOP_CUT,7,7
5,13_Left.mp4,LEFT,ATTACK_PREPARATION,8,8
5,13_Left.mp4,LEFT,ATTACK_STOP_CUT,8,8
5,13_Left.mp4,LEFT,ATTACK_FEINT,9,9
5,13_Left.mp4,LEFT,DEFENSE_DISTANCE_PULL,9,9
5,13_Left.mp4,LEFT,ATTACK_FEINT,10,10
5,13_Left.mp4,LEFT,DEFENSE_DISTANCE_PULL,10,10
5,13_Left.mp4,LEFT,ATTACK_FEINT,11,11
5,13_Left.mp4,LEFT,DEFENSE_DISTANCE_PULL,11,12
5,13_Left.mp4,LEFT,ATTACK_FEINT,12,13
5,13_Left.mp4,LEFT,DEFENSE_DISTANCE_PULL,13,13
5,13_Left.mp4,LEFT,ATTACK_FEINT,14,14
5,13_Left.mp4,LEFT,DEFENSE_DISTANCE_PULL,14,14
5,13_Left.mp4,LEFT,ATTACK_PREPARATION,15,15
5,13_Left.mp4,LEFT,DEFENSE_DISTANCE_PULL,15,15
5,13_Left.mp4,LEFT,ATTACK_PREPARATION,16,16
5,13_Left.mp4,LEFT,DEFENSE_DISTANCE_PULL,16,16
5,13_Left.mp4,LEFT,ATTACK_PREPARATION,17,17
5,13_Left.mp4,LEFT,DEFENSE_DISTANCE_PULL,17,18
5,13_Left.mp4,LEFT,ATTACK_PREPARATION,18,18
5,13_Left.mp4,LEFT,DEFENSE_DISTANCE_PULL,19,19
5,13_Left.mp4,LEFT,ATTACK_PREPARATION,19,20
5,13_Left.mp4,LEFT,DEFENSE_DISTANCE_PULL,20,20
5,13_Left.mp4,LEFT,ATTACK_PREPARATION,21,21
5,13_Left.mp4,LEFT,DEFENSE_DISTANCE_PULL,21,21
5,13_Left.mp4,LEFT,ATTACK_PREPARATION,22,22
5,13_Left.mp4,LEFT,DEFENSE_DISTANCE_PULL,22,22
5,13_Left.mp4,LEFT,ATTACK_PREPARATION,23,23
5,13_Left.mp4,LEFT,DEFENSE_DISTANCE_PULL,23,23
5,13_Left.mp4,LEFT,ATTACK_PREPARATION,24,24
5,13_Left.mp4,LEFT,DEFENSE_DISTANCE_PULL,24,24
5,13_Left.mp4,LEFT,ATTACK_PREPARATION,25,25
5,13_Left.mp4,LEFT,DEFENSE_DISTANCE_PULL,25,26
5,13_Left.mp4,LEFT,ATTACK_PREPARATION,26,27
5,13_Left.mp4,LEFT,DEFENSE_DISTANCE_PULL,27,27
5,13_Left.mp4,LEFT,ATTACK_PREPARATION,28,28
5,13_Left.mp4,LEFT,DEFENSE_DISTANCE_PULL,28,28
5,13_Left.mp4,LEFT,ATTACK_PREPARATION,29,29
5,13_Left.mp4,LEFT,DEFENSE_DISTANCE_PULL,29,29
5,13_Left.mp4,LEFT,ATTACK_PREPARATION,30,30
5,13_Left.mp4,LEFT,DEFENSE_DISTANCE_PULL,30,30
5,13_Left.mp4,LEFT,ATTACK_PREPARATION,31,31
5,13_Left.mp4,LEFT,DEFENSE_DISTANCE_PULL,31,31
5,13_Left.mp4,LEFT,ATTACK_PREPARATION,32,32
5,13_Left.mp4,LEFT,DEFENSE_DISTANCE_PULL,32,33
5,13_Left.mp4,LEFT,ATTACK_PREPARATION,33,34
5,13_Left.mp4,LEFT,DEFENSE_DISTANCE_PULL,34,34
5,13_Left.mp4,LEFT,ATTACK_PREPARATION,35,35
5,13_Left.mp4,LEFT,DEFENSE_DISTANCE_PULL,35,35
5,13_Left.mp4,LEFT,ATTACK_PREPARATION,36,36
5,13_Left.mp4,LEFT,DEFENSE_DISTANCE_PULL,36,36
5,13_Left.mp4,LEFT,ATTACK_PREPARATION,37,37
5,13_Left.mp4,LEFT,OTHER_NO_ACTION,37,37
5,13_Left.mp4,LEFT,ATTACK_PREPARATION,38,38
5,13_Left.mp4,LEFT,OTHER_NO_ACTION,38,38
5,13_Left.mp4,LEFT,ATTACK_PREPARATION,39,39
5,13_Left.mp4,LEFT,OTHER_NO_ACTION,39,40
5,13_Left.mp4,LEFT,ATTACK_PREPARATION,40,41
5,13_Left.mp4,LEFT,OTHER_NO_ACTION,41,41
5,13_Left.mp4,LEFT,ATTACK_PREPARATION,42,42
5,13_Left.mp4,LEFT,OTHER_NO_ACTION,42,42
5,13_Left.mp4,LEFT,ATTACK_PREPARATION,43,43
5,13_Left.mp4,LEFT,OTHER_NO_ACTION,43,43
5,13_Left.mp4,LEFT,ATTACK_LUNGE,44,44
5,13_Left.mp4,LEFT,OTHER_NO_ACTION,44,44
5,13_Left.mp4,LEFT,ATTACK_LUNGE,45,45
5,13_Left.mp4,LEFT,OTHER_NO_ACTION,45,46
5,13_Left.mp4,LEFT,ATTACK_LUNGE,46,47
5,13_Left.mp4,LEFT,OTHER_NO_ACTION,47,47
5,13_Left.mp4,LEFT,ATTACK_LUNGE,48,48
5,13_Left.mp4,LEFT,OTHER_NO_ACTION,48,48
5,13_Left.mp4,LEFT,ATTACK_LUNGE,49,49
5,13_Left.mp4,LEFT,DEFENSE_PARRY_2,49,49
5,13_Left.mp4,LEFT,ATTACK_LUNGE,50,50
5,13_Left.mp4,LEFT,DEFENSE_PARRY_2,50,50
5,13_Left.mp4,LEFT,ATTACK_LUNGE,51,51
5,13_Left.mp4,LEFT,DEFENSE_PARRY_2,51,51
5,13_Left.mp4,LEFT,OTHER_RECOVERY,52,52
5,13_Left.mp4,LEFT,OTHER_NO_ACTION,52,52
5,13_Left.mp4,LEFT,OTHER_RECOVERY,53,53
5,13_Left.mp4,LEFT,OTHER_NO_ACTION,53,53
5,14_Right.mp4,LEFT,ATTACK_PREPARATION,0,17
5,14_Right.mp4,LEFT,ATTACK_LUNGE,18,24
5,14_Right.mp4,LEFT,OTHER_RECOVERY,25,33
5,14_Right.mp4,RIGHT,ATTACK_PREPARATION,0,12
5,14_Right.mp4,RIGHT,OTHER_NO_ACTION,13,16
5,14_Right.mp4,RIGHT,ATTACK_PREPARATION,17,20
5,14_Right.mp4,RIGHT,ATTACK_BEAT,21,24
5,14_Right.mp4,RIGHT,ATTACK_RIPOSTE,25,29
5,14_Right.mp4,RIGHT,OTHER_RECOVERY,30,33
5,15_Left.mp4,LEFT,ATTACK_PREPARATION,0,12
5,15_Left.mp4,LEFT,OTHER_NO_ACTION,13,17
5,15_Left.mp4,LEFT,ATTACK_PREPARATION,18,23
5,15_Left.mp4,LEFT,OTHER_NO_ACTION,24,25
5,15_Left.mp4,LEFT,ATTACK_STEP_CUT,26,28
5,15_Left.mp4,LEFT,OTHER_RECOVERY,29,32
5,15_Left.mp4,RIGHT,ATTACK_PREPARATION,0,15
5,15_Left.mp4,RIGHT,OTHER_NO_ACTION,16,19
5,15_Left.mp4,RIGHT,ATTACK_PREPARATION,20,23
5,15_Left.mp4,RIGHT,OTHER_NO_ACTION,24,25
5,15_Left.mp4,RIGHT,ATTACK_LUNGE,26,32
5,16_Right.mp4,LEFT,ATTACK_PREPARATION,0,13
5,16_Right.mp4,LEFT,OTHER_NO_ACTION,14,16
5,16_Right.mp4,LEFT,ATTACK_PREPARATION,17,29
5,16_Right.mp4,LEFT,ATTACK_LUNGE,30,36
5,16_Right.mp4,LEFT,OTHER_RECOVERY,37,42
5,16_Right.mp4,LEFT,OTHER_NO_ACTION,43,47
5,16_Right.mp4,LEFT,DEFENSE_POINT_IN_LINE,48,80
5,16_Right.mp4,LEFT,DEFENSE_DISTANCE_PULL,81,92
5,16_Right.mp4,LEFT,DEFENSE_POINT_IN_LINE,93,146
5,16_Right.mp4,LEFT,OTHER_NO_ACTION,147,152
5,16_Right.mp4,RIGHT,ATTACK_PREPARATION,0,15
5,16_Right.mp4,RIGHT,OTHER_NO_ACTION,16,19
5,16_Right.mp4,RIGHT,ATTACK_PREPARATION,20,24
5,16_Right.mp4,RIGHT,DEFENSE_DISTANCE_PULL,25,45
5,16_Right.mp4,RIGHT,OTHER_NO_ACTION,46,52
5,16_Right.mp4,RIGHT,ATTACK_BEAT,53,56
5,16_Right.mp4,RIGHT,ATTACK_PREPARATION,57,80
5,16_Right.mp4,RIGHT,ATTACK_BEAT,81,84
5,16_Right.mp4,RIGHT,ATTACK_PREPARATION,85,94
5,16_Right.mp4,RIGHT,ATTACK_BEAT,95,98
5,16_Right.mp4,RIGHT,ATTACK_PREPARATION,99,113
5,16_Right.mp4,RIGHT,ATTACK_BEAT,114,117
5,16_Right.mp4,RIGHT,ATTACK_PREPARATION,118,120
5,16_Right.mp4,RIGHT,ATTACK_BEAT,121,126
5,16_Right.mp4,RIGHT,ATTACK_PREPARATION,127,140
5,16_Right.mp4,RIGHT,ATTACK_BEAT,141,145
5,16_Right.mp4,RIGHT,ATTACK_RIPOSTE,146,152
5,17_Right.mp4,LEFT,ATTACK_PREPARATION,0,12
5,17_Right.mp4,LEFT,OTHER_NO_ACTION,13,29
5,17_Right.mp4,LEFT,ATTACK_STOP_CUT,30,33
5,17_Right.mp4,LEFT,OTHER_RECOVERY,34,38
5,17_Right.mp4,LEFT,OTHER_NO_ACTION,39,48
5,17_Right.mp4,RIGHT,ATTACK_PREPARATION,0,16
5,17_Right.mp4,RIGHT,OTHER_NO_ACTION,17,21
5,17_Right.mp4,RIGHT,ATTACK_PREPARATION,22,39
5,17_Right.mp4,RIGHT,ATTACK_LUNGE,40,48
5,18_Left.mp4,LEFT,ATTACK_PREPARATION,0,18
5,18_Left.mp4,LEFT,ATTACK_LUNGE,19,25
5,18_Left.mp4,LEFT,OTHER_RECOVERY,26,34
5,18_Left.mp4,LEFT,OTHER_NO_ACTION,35,69
5,18_Left.mp4,LEFT,DEFENSE_DISTANCE_PULL,70,82
5,18_Left.mp4,LEFT,OTHER_NO_ACTION,83,94
5,18_Left.mp4,LEFT,ATTACK_PREPARATION,95,130
5,18_Left.mp4,LEFT,ATTACK_LUNGE,131,136
5,18_Left.mp4,LEFT,OTHER_RECOVERY,137,138
5,18_Left.mp4,RIGHT,ATTACK_PREPARATION,0,16
5,18_Left.mp4,RIGHT,OTHER_NO_ACTION,17,21
5,18_Left.mp4,RIGHT,DEFENSE_DISTANCE_PULL,22,37
5,18_Left.mp4,RIGHT,OTHER_NO_ACTION,38,38
5,18_Left.mp4,RIGHT,ATTACK_PREPARATION,39,60
5,18_Left.mp4,RIGHT,ATTACK_LUNGE,61,70
5,18_Left.mp4,RIGHT,OTHER_RECOVERY,71,76
5,18_Left.mp4,RIGHT,OTHER_NO_ACTION,77,91
5,18_Left.mp4,RIGHT,DEFENSE_POINT_IN_LINE,92,138
5,19_Right.mp4,LEFT,ATTACK_PREPARATION,0,9
5,19_Right.mp4,LEFT,OTHER_NO_ACTION,10,18
5,19_Right.mp4,LEFT,ATTACK_PREPARATION,19,21
5,19_Right.mp4,LEFT,ATTACK_LUNGE,22,26
5,19_Right.mp4,LEFT,OTHER_RECOVERY,27,30
5,19_Right.mp4,RIGHT,ATTACK_PREPARATION,0,17
5,19_Right.mp4,RIGHT,ATTACK_LUNGE,18,24
5,19_Right.mp4,RIGHT,OTHER_RECOVERY,25,30
5,20_Left.mp4,LEFT,ATTACK_PREPARATION,0,13
5,20_Left.mp4,LEFT,OTHER_NO_ACTION,14,20
5,20_Left.mp4,LEFT,ATTACK_LUNGE,21,25
5,20_Left.mp4,LEFT,OTHER_RECOVERY,26,29
5,20_Left.mp4,RIGHT,ATTACK_PREPARATION,0,15
5,20_Left.mp4,RIGHT,OTHER_NO_ACTION,16,19
5,20_Left.mp4,RIGHT,ATTACK_LUNGE,20,26
5,20_Left.mp4,RIGHT,OTHER_RECOVERY,27,29
5,21_Left.mp4,LEFT,ATTACK_PREPARATION,0,16
5,21_Left.mp4,LEFT,ATTACK_LUNGE,17,23
5,21_Left.mp4,LEFT,OTHER_RECOVERY,24,36
5,21_Left.mp4,RIGHT,ATTACK_PREPARATION,0,19
5,21_Left.mp4,RIGHT,ATTACK_LUNGE,20,24
5,21_Left.mp4,RIGHT,OTHER_RECOVERY,25,36
5,22_Right.mp4,LEFT,OTHER_NO_ACTION,0,31
5,22_Right.mp4,LEFT,ATTACK_PREPARATION,32,86
5,22_Right.mp4,LEFT,ATTACK_STEP_CUT,87,94
5,22_Right.mp4,LEFT,OTHER_RECOVERY,95,95
5,22_Right.mp4,RIGHT,ATTACK_LUNGE,0,2
5,22_Right.mp4,RIGHT,OTHER_RECOVERY,3,13
5,22_Right.mp4,RIGHT,ATTACK_STOP_CUT,14,17
5,22_Right.mp4,RIGHT,OTHER_NO_ACTION,18,59
5,22_Right.mp4,RIGHT,ATTACK_STOP_CUT,60,61
5,22_Right.mp4,RIGHT,DEFENSE_DISTANCE_PULL,62,81
5,22_Right.mp4,RIGHT,OTHER_NO_ACTION,82,90
5,22_Right.mp4,RIGHT,ATTACK_STOP_CUT,91,95
5,23_Right.mp4,LEFT,ATTACK_PREPARATION,0,17
5,23_Right.mp4,LEFT,OTHER_NO_ACTION,18,20
5,23_Right.mp4,LEFT,ATTACK_PREPARATION,21,27
5,23_Right.mp4,LEFT,ATTACK_STEP_CUT,28,34
5,23_Right.mp4,RIGHT,ATTACK_PREPARATION,0,17
5,23_Right.mp4,RIGHT,OTHER_NO_ACTION,18,22
5,23_Right.mp4,RIGHT,ATTACK_LUNGE,23,29
5,23_Right.mp4,RIGHT,OTHER_RECOVERY,30,34
6,1_Left.mp4,LEFT,ATTACK_PREPARATION,0,15
6,1_Left.mp4,LEFT,OTHER_NO_ACTION,16,21
6,1_Left.mp4,LEFT,ATTACK_LUNGE,22,29
6,1_Left.mp4,LEFT,OTHER_RECOVERY,30,31
6,1_Left.mp4,RIGHT,ATTACK_PREPARATION,0,17
6,1_Left.mp4,RIGHT,OTHER_NO_ACTION,18,20
6,1_Left.mp4,RIGHT,ATTACK_PREPARATION,21,26
6,1_Left.mp4,RIGHT,DEFENSE_PARRY_4,27,31
6,2_Left.mp4,LEFT,ATTACK_PREPARATION,0,20
6,2_Left.mp4,LEFT,OTHER_NO_ACTION,21,26
6,2_Left.mp4,LEFT,ATTACK_PREPARATION,27,30
6,2_Left.mp4,LEFT,OTHER_NO_ACTION,31,64
6,2_Left.mp4,LEFT,ATTACK_PREPARATION,65,65
6,2_Left.mp4,LEFT,ATTACK_BEAT,66,69
6,2_Left.mp4,LEFT,ATTACK_PREPARATION,70,100
6,2_Left.mp4,LEFT,ATTACK_LUNGE,101,110
6,2_Left.mp4,LEFT,OTHER_RECOVERY,111,113
6,2_Left.mp4,RIGHT,ATTACK_PREPARATION,0,12
6,2_Left.mp4,RIGHT,OTHER_NO_ACTION,13,26
6,2_Left.mp4,RIGHT,ATTACK_LUNGE,27,34
6,2_Left.mp4,RIGHT,OTHER_RECOVERY,35,40
6,2_Left.mp4,RIGHT,ATTACK_REMISE,41,46
6,2_Left.mp4,RIGHT,OTHER_NO_ACTION,47,60
6,2_Left.mp4,RIGHT,DEFENSE_POINT_IN_LINE,61,71
6,2_Left.mp4,RIGHT,OTHER_NO_ACTION,72,92
6,2_Left.mp4,RIGHT,ATTACK_STOP_CUT,93,95
6,2_Left.mp4,RIGHT,DEFENSE_DISTANCE_PULL,96,107
6,2_Left.mp4,RIGHT,ATTACK_COUNTER,108,111
6,2_Left.mp4,RIGHT,OTHER_NO_ACTION,112,113
6,3_Left.mp4,LEFT,ATTACK_PREPARATION,0,17
6,3_Left.mp4,LEFT,OTHER_NO_ACTION,18,20
6,3_Left.mp4,LEFT,DEFENSE_DISTANCE_PULL,21,50
6,3_Left.mp4,LEFT,OTHER_NO_ACTION,51,51
6,3_Left.mp4,LEFT,ATTACK_PREPARATION,52,119
6,3_Left.mp4,LEFT,ATTACK_LUNGE,120,125
6,3_Left.mp4,RIGHT,ATTACK_PREPARATION,0,26
6,3_Left.mp4,RIGHT,ATTACK_LUNGE,27,33
6,3_Left.mp4,RIGHT,OTHER_RECOVERY,34,39
6,3_Left.mp4,RIGHT,OTHER_NO_ACTION,40,60
6,3_Left.mp4,RIGHT,ATTACK_STOP_CUT,61,65
6,3_Left.mp4,RIGHT,OTHER_NO_ACTION,66,69
6,3_Left.mp4,RIGHT,ATTACK_STOP_CUT,70,72
6,3_Left.mp4,RIGHT,OTHER_NO_ACTION,73,110
6,3_Left.mp4,RIGHT,ATTACK_STOP_CUT,111,114
6,3_Left.mp4,RIGHT,OTHER_NO_ACTION,115,119
6,3_Left.mp4,RIGHT,ATTACK_STOP_CUT,120,122
6,3_Left.mp4,RIGHT,OTHER_NO_ACTION,123,125
6,4_Right.mp4,LEFT,ATTACK_PREPARATION,0,17
6,4_Right.mp4,LEFT,ATTACK_LUNGE,18,22
6,4_Right.mp4,LEFT,OTHER_RECOVERY,23,26
6,4_Right.mp4,RIGHT,ATTACK_PREPARATION,0,15
6,4_Right.mp4,RIGHT,ATTACK_LUNGE,16,21
6,4_Right.mp4,RIGHT,OTHER_RECOVERY,22,26
6,5_Left.mp4,LEFT,ATTACK_PREPARATION,0,13
6,5_Left.mp4,LEFT,OTHER_NO_ACTION,14,19
6,5_Left.mp4,LEFT,ATTACK_PREPARATION,20,31
6,5_Left.mp4,LEFT,ATTACK_LUNGE,32,37
6,5_Left.mp4,LEFT,OTHER_RECOVERY,38,50
6,5_Left.mp4,RIGHT,ATTACK_PREPARATION,0,15
6,5_Left.mp4,RIGHT,OTHER_NO_ACTION,16,30
6,5_Left.mp4,RIGHT,DEFENSE_PARRY_5,31,37
6,5_Left.mp4,RIGHT,ATTACK_RIPOSTE,38,42
6,5_Left.mp4,RIGHT,OTHER_RECOVERY,43,50
6,6_Right.mp4,LEFT,ATTACK_PREPARATION,0,4
6,6_Right.mp4,LEFT,ATTACK_LUNGE,5,10
6,6_Right.mp4,LEFT,OTHER_RECOVERY,11,17
6,6_Right.mp4,LEFT,ATTACK_PREPARATION,18,28
6,6_Right.mp4,LEFT,DEFENSE_PARRY_5,29,34
6,6_Right.mp4,LEFT,ATTACK_RIPOSTE,35,39
6,6_Right.mp4,LEFT,OTHER_RECOVERY,40,44
6,6_Right.mp4,RIGHT,OTHER_NO_ACTION,0,7
6,6_Right.mp4,RIGHT,DEFENSE_DISTANCE_PULL,8,26
6,6_Right.mp4,RIGHT,OTHER_NO_ACTION,27,28
6,6_Right.mp4,RIGHT,ATTACK_COUNTER,29,34
6,6_Right.mp4,RIGHT,OTHER_RECOVERY,35,44
6,7_Left.mp4,LEFT,ATTACK_PREPARATION,0,17
6,7_Left.mp4,LEFT,ATTACK_LUNGE,18,25
6,7_Left.mp4,LEFT,OTHER_RECOVERY,26,32
6,7_Left.mp4,LEFT,OTHER_NO_ACTION,33,43
6,7_Left.mp4,LEFT,DEFENSE_POINT_IN_LINE,44,78
6,7_Left.mp4,LEFT,OTHER_NO_ACTION,79,90
6,7_Left.mp4,LEFT,DEFENSE_POINT_IN_LINE,91,130
6,7_Left.mp4,RIGHT,OTHER_NO_ACTION,0,20
6,7_Left.mp4,RIGHT,DEFENSE_DISTANCE_PULL,21,38
6,7_Left.mp4,RIGHT,OTHER_NO_ACTION,39,47
6,7_Left.mp4,RIGHT,ATTACK_PREPARATION,48,67
6,7_Left.mp4,RIGHT,ATTACK_BEAT,68,73
6,7_Left.mp4,RIGHT,ATTACK_PREPARATION,74,120
6,7_Left.mp4,RIGHT,ATTACK_LUNGE,121,128
6,7_Left.mp4,RIGHT,OTHER_RECOVERY,129,130
6,8_Right.mp4,LEFT,ATTACK_PREPARATION,0,14
6,8_Right.mp4,LEFT,OTHER_NO_ACTION,15,18
6,8_Right.mp4,LEFT,DEFENSE_DISTANCE_PULL,19,25
6,8_Right.mp4,RIGHT,ATTACK_PREPARATION,0,15
6,8_Right.mp4,RIGHT,ATTACK_LUNGE,16,24
6,8_Right.mp4,RIGHT,OTHER_RECOVERY,25,25
6,9_Left.mp4,LEFT,ATTACK_PREPARATION,0,14
6,9_Left.mp4,LEFT,OTHER_NO_ACTION,15,19
6,9_Left.mp4,LEFT,ATTACK_PREPARATION,20,21
6,9_Left.mp4,LEFT,ATTACK_LUNGE,22,25
6,9_Left.mp4,LEFT,DEFENSE_PARRY_5,26,31
6,9_Left.mp4,LEFT,ATTACK_RIPOSTE,32,34
6,9_Left.mp4,LEFT,OTHER_RECOVERY,35,44
6,9_Left.mp4,RIGHT,ATTACK_PREPARATION,0,15
6,9_Left.mp4,RIGHT,OTHER_NO_ACTION,16,19
6,9_Left.mp4,RIGHT,ATTACK_LUNGE,20,27
6,9_Left.mp4,RIGHT,OTHER_RECOVERY,28,37
6,9_Left.mp4,RIGHT,ATTACK_COUNTER,38,44
6,10_Right.mp4,LEFT,ATTACK_PREPARATION,0,18
6,10_Right.mp4,LEFT,OTHER_NO_ACTION,19,23
6,10_Right.mp4,LEFT,DEFENSE_DISTANCE_PULL,24,40
6,10_Right.mp4,LEFT,OTHER_NO_ACTION,41,41
6,10_Right.mp4,LEFT,ATTACK_PREPARATION,42,46
6,10_Right.mp4,LEFT,ATTACK_BEAT,47,51
6,10_Right.mp4,LEFT,ATTACK_PREPARATION,52,99
6,10_Right.mp4,LEFT,ATTACK_BEAT,100,103
6,10_Right.mp4,LEFT,ATTACK_PREPARATION,104,162
6,10_Right.mp4,LEFT,ATTACK_LUNGE,163,172
6,10_Right.mp4,LEFT,OTHER_RECOVERY,173,183
6,10_Right.mp4,RIGHT,ATTACK_PREPARATION,0,18
6,10_Right.mp4,RIGHT,ATTACK_LUNGE,19,25
6,10_Right.mp4,RIGHT,OTHER_RECOVERY,26,33
6,10_Right.mp4,RIGHT,OTHER_NO_ACTION,34,40
6,10_Right.mp4,RIGHT,DEFENSE_POINT_IN_LINE,41,43
6,10_Right.mp4,RIGHT,OTHER_NO_ACTION,44,54
6,10_Right.mp4,RIGHT,DEFENSE_POINT_IN_LINE,55,65
6,10_Right.mp4,RIGHT,ATTACK_STOP_CUT,66,73
6,10_Right.mp4,RIGHT,OTHER_NO_ACTION,74,89
6,10_Right.mp4,RIGHT,DEFENSE_POINT_IN_LINE,90,105
6,10_Right.mp4,RIGHT,OTHER_NO_ACTION,106,130
6,10_Right.mp4,RIGHT,ATTACK_STOP_CUT,131,135
6,10_Right.mp4,RIGHT,OTHER_NO_ACTION,136,149
6,10_Right.mp4,RIGHT,ATTACK_FEINT,150,153
6,10_Right.mp4,RIGHT,OTHER_NO_ACTION,154,158
6,10_Right.mp4,RIGHT,ATTACK_FEINT,159,162
6,10_Right.mp4,RIGHT,DEFENSE_PARRY_5,163,172
6,10_Right.mp4,RIGHT,ATTACK_RIPOSTE,173,183
6,11_Left.mp4,LEFT,ATTACK_PREPARATION,0,17
6,11_Left.mp4,LEFT,ATTACK_LUNGE,18,25
6,11_Left.mp4,LEFT,OTHER_RECOVERY,26,32
6,11_Left.mp4,RIGHT,ATTACK_PREPARATION,0,12
6,11_Left.mp4,RIGHT,OTHER_NO_ACTION,13,19
6,11_Left.mp4,RIGHT,ATTACK_LUNGE,20,25
6,11_Left.mp4,RIGHT,OTHER_RECOVERY,26,32
6,12_Right.mp4,LEFT,ATTACK_PREPARATION,0,19
6,12_Right.mp4,LEFT,OTHER_NO_ACTION,20,23
6,12_Right.mp4,LEFT,ATTACK_LUNGE,24,30
6,12_Right.mp4,LEFT,OTHER_RECOVERY,31,42
6,12_Right.mp4,RIGHT,ATTACK_PREPARATION,0,20
6,12_Right.mp4,RIGHT,ATTACK_LUNGE,21,29
6,12_Right.mp4,RIGHT,OTHER_RECOVERY,30,42
6,13_Right.mp4,LEFT,ATTACK_PREPARATION,0,12
6,13_Right.mp4,LEFT,OTHER_NO_ACTION,13,22
6,13_Right.mp4,LEFT,ATTACK_LUNGE,23,29
6,13_Right.mp4,LEFT,OTHER_RECOVERY,30,38
6,13_Right.mp4,LEFT,OTHER_NO_ACTION,39,42
6,13_Right.mp4,LEFT,ATTACK_STOP_CUT,43,48
6,13_Right.mp4,LEFT,OTHER_NO_ACTION,49,60
6,13_Right.mp4,LEFT,DEFENSE_POINT_IN_LINE,61,100
6,13_Right.mp4,LEFT,OTHER_NO_ACTION,101,104
6,13_Right.mp4,LEFT,ATTACK_STOP_CUT,105,115
6,13_Right.mp4,LEFT,OTHER_NO_ACTION,116,119
6,13_Right.mp4,RIGHT,ATTACK_PREPARATION,0,8
6,13_Right.mp4,RIGHT,OTHER_NO_ACTION,9,39
6,13_Right.mp4,RIGHT,ATTACK_PREPARATION,40,84
6,13_Right.mp4,RIGHT,ATTACK_BEAT,85,89
6,13_Right.mp4,RIGHT,ATTACK_PREPARATION,90,112
6,13_Right.mp4,RIGHT,ATTACK_LUNGE,113,119
6,14_Right.mp4,LEFT,ATTACK_PREPARATION,0,11
6,14_Right.mp4,LEFT,OTHER_NO_ACTION,12,13
6,14_Right.mp4,LEFT,DEFENSE_DISTANCE_PULL,14,39
6,14_Right.mp4,LEFT,OTHER_NO_ACTION,40,40
6,14_Right.mp4,LEFT,DEFENSE_DISTANCE_PULL,41,41
6,14_Right.mp4,RIGHT,ATTACK_PREPARATION,0,24
6,14_Right.mp4,RIGHT,ATTACK_LUNGE,25,32
6,14_Right.mp4,RIGHT,OTHER_RECOVERY,33,34
6,14_Right.mp4,RIGHT,ATTACK_PREPARATION,35,41
6,15_Right.mp4,LEFT,ATTACK_PREPARATION,0,16
6,15_Right.mp4,LEFT,OTHER_NO_ACTION,17,23
6,15_Right.mp4,LEFT,ATTACK_PREPARATION,24,29
6,15_Right.mp4,LEFT,ATTACK_STOP_CUT,30,35
6,15_Right.mp4,LEFT,OTHER_NO_ACTION,36,37
6,15_Right.mp4,LEFT,ATTACK_STOP_CUT,38,40
6,15_Right.mp4,LEFT,OTHER_RECOVERY,41,47
6,15_Right.mp4,RIGHT,ATTACK_PREPARATION,0,15
6,15_Right.mp4,RIGHT,OTHER_NO_ACTION,16,22
6,15_Right.mp4,RIGHT,ATTACK_PREPARATION,23,43
6,15_Right.mp4,RIGHT,ATTACK_STEP_CUT,44,47
6,16_Left.mp4,LEFT,ATTACK_PREPARATION,0,23
6,16_Left.mp4,LEFT,ATTACK_LUNGE,24,29
6,16_Left.mp4,RIGHT,ATTACK_PREPARATION,0,12
6,16_Left.mp4,RIGHT,OTHER_NO_ACTION,13,18
6,16_Left.mp4,RIGHT,ATTACK_SKY_HOOK,19,29
6,17_Left.mp4,LEFT,ATTACK_PREPARATION,0,18
6,17_Left.mp4,LEFT,ATTACK_LUNGE,19,24
6,17_Left.mp4,RIGHT,ATTACK_PREPARATION,0,8
6,17_Left.mp4,RIGHT,OTHER_NO_ACTION,9,18
6,17_Left.mp4,RIGHT,ATTACK_LUNGE,19,24
6,18_Right.mp4,LEFT,ATTACK_PREPARATION,0,17
6,18_Right.mp4,LEFT,ATTACK_LUNGE,18,24
6,18_Right.mp4,LEFT,OTHER_RECOVERY,25,39
6,18_Right.mp4,RIGHT,ATTACK_PREPARATION,0,11
6,18_Right.mp4,RIGHT,OTHER_NO_ACTION,12,19
6,18_Right.mp4,RIGHT,DEFENSE_PARRY_5,20,24
6,18_Right.mp4,RIGHT,ATTACK_RIPOSTE,25,29
6,18_Right.mp4,RIGHT,OTHER_NO_ACTION,30,38
6,18_Right.mp4,RIGHT,DEFENSE_PARRY_5,39,39
6,19_Left.mp4,LEFT,ATTACK_PREPARATION,0,13
6,19_Left.mp4,LEFT,OTHER_NO_ACTION,14,24
6,19_Left.mp4,LEFT,ATTACK_LUNGE,25,31
6,19_Left.mp4,RIGHT,ATTACK_PREPARATION,0,28
6,19_Left.mp4,RIGHT,ATTACK_STEP_CUT,29,31
6,20_Right.mp4,LEFT,ATTACK_PREPARATION,0,25
6,20_Right.mp4,LEFT,OTHER_NO_ACTION,26,59
6,20_Right.mp4,LEFT,ATTACK_BEAT,60,65
6,20_Right.mp4,LEFT,ATTACK_PREPARATION,66,142
6,20_Right.mp4,LEFT,ATTACK_BEAT,143,150
6,20_Right.mp4,LEFT,ATTACK_PREPARATION,151,164
6,20_Right.mp4,LEFT,ATTACK_LUNGE,165,171
6,20_Right.mp4,RIGHT,ATTACK_PREPARATION,0,9
6,20_Right.mp4,RIGHT,OTHER_NO_ACTION,10,31
6,20_Right.mp4,RIGHT,ATTACK_LUNGE,32,39
6,20_Right.mp4,RIGHT,OTHER_RECOVERY,40,43
6,20_Right.mp4,RIGHT,OTHER_NO_ACTION,44,59
6,20_Right.mp4,RIGHT,DEFENSE_POINT_IN_LINE,60,66
6,20_Right.mp4,RIGHT,OTHER_NO_ACTION,67,75
6,20_Right.mp4,RIGHT,DEFENSE_POINT_IN_LINE,76,152
6,20_Right.mp4,RIGHT,OTHER_NO_ACTION,153,158
6,20_Right.mp4,RIGHT,ATTACK_PREPARATION,159,164
6,20_Right.mp4,RIGHT,ATTACK_STEP_CUT,165,171
6,21_Right.mp4,LEFT,ATTACK_PREPARATION,0,18
6,21_Right.mp4,LEFT,OTHER_NO_ACTION,19,24
6,21_Right.mp4,LEFT,ATTACK_LUNGE,25,29
6,21_Right.mp4,LEFT,OTHER_RECOVERY,30,46
6,21_Right.mp4,RIGHT,ATTACK_PREPARATION,0,25
6,21_Right.mp4,RIGHT,DEFENSE_PARRY_2,26,31
6,21_Right.mp4,RIGHT,ATTACK_RIPOSTE,32,35
6,21_Right.mp4,RIGHT,OTHER_RECOVERY,36,46
6,22_Right.mp4,LEFT,ATTACK_PREPARATION,0,19
6,22_Right.mp4,LEFT,ATTACK_LUNGE,20,24
6,22_Right.mp4,RIGHT,ATTACK_PREPARATION,0,16
6,22_Right.mp4,RIGHT,ATTACK_LUNGE,17,22
6,22_Right.mp4,RIGHT,OTHER_RECOVERY,23,24
6,23_Left.mp4,LEFT,ATTACK_PREPARATION,0,12
6,23_Left.mp4,LEFT,OTHER_NO_ACTION,13,20
6,23_Left.mp4,LEFT,ATTACK_LUNGE,21,26
6,23_Left.mp4,LEFT,OTHER_RECOVERY,27,28
6,23_Left.mp4,RIGHT,ATTACK_PREPARATION,0,21
6,23_Left.mp4,RIGHT,ATTACK_LUNGE,22,28
6,24_Right.mp4,LEFT,ATTACK_PREPARATION,0,22
6,24_Right.mp4,LEFT,OTHER_NO_ACTION,23,27
6,24_Right.mp4,LEFT,ATTACK_PREPARATION,28,30
6,24_Right.mp4,LEFT,ATTACK_STEP_CUT,31,35
6,24_Right.mp4,RIGHT,ATTACK_PREPARATION,0,6
6,24_Right.mp4,RIGHT,OTHER_NO_ACTION,7,24
6,24_Right.mp4,RIGHT,ATTACK_LUNGE,25,32
6,24_Right.mp4,RIGHT,OTHER_RECOVERY,33,35
6,25_Right.mp4,LEFT,ATTACK_PREPARATION,0,11
6,25_Right.mp4,LEFT,OTHER_NO_ACTION,12,29
6,25_Right.mp4,LEFT,ATTACK_LUNGE,30,34
6,25_Right.mp4,LEFT,OTHER_RECOVERY,35,38
6,25_Right.mp4,RIGHT,ATTACK_PREPARATION,0,28
6,25_Right.mp4,RIGHT,ATTACK_LUNGE,29,35
6,25_Right.mp4,RIGHT,OTHER_RECOVERY,36,38
