image_filename,source_dir,clip_filename,frame_number,timestamp_sec
1_10_Left_frame2.jpg,1,10_Left.mp4,2,0.08
1_10_Left_frame0.jpg,1,10_Left.mp4,0,0.00
1_10_Left_frame6.jpg,1,10_Left.mp4,6,0.24
1_10_Left_frame19.jpg,1,10_Left.mp4,19,0.76
1_10_Left_frame16.jpg,1,10_Left.mp4,16,0.64
1_10_Left_frame15.jpg,1,10_Left.mp4,15,0.60
1_10_Left_frame25.jpg,1,10_Left.mp4,25,1.00
1_10_Left_frame8.jpg,1,10_Left.mp4,8,0.32
1_10_Left_frame20.jpg,1,10_Left.mp4,20,0.80
1_10_Left_frame5.jpg,1,10_Left.mp4,5,0.20
1_11_Left_frame43.jpg,1,11_Left.mp4,43,1.72
1_11_Left_frame62.jpg,1,11_Left.mp4,62,2.48
1_11_Left_frame20.jpg,1,11_Left.mp4,20,0.80
1_11_Left_frame13.jpg,1,11_Left.mp4,13,0.52
1_11_Left_frame46.jpg,1,11_Left.mp4,46,1.84
1_11_Left_frame25.jpg,1,11_Left.mp4,25,1.00
1_11_Left_frame5.jpg,1,11_Left.mp4,5,0.20
1_11_Left_frame29.jpg,1,11_Left.mp4,29,1.16
1_11_Left_frame61.jpg,1,11_Left.mp4,61,2.44
1_11_Left_frame34.jpg,1,11_Left.mp4,34,1.36
1_12_Right_frame16.jpg,1,12_Right.mp4,16,0.64
1_12_Right_frame14.jpg,1,12_Right.mp4,14,0.56
1_12_Right_frame35.jpg,1,12_Right.mp4,35,1.40
1_12_Right_frame25.jpg,1,12_Right.mp4,25,1.00
1_12_Right_frame4.jpg,1,12_Right.mp4,4,0.16
1_12_Right_frame31.jpg,1,12_Right.mp4,31,1.24
1_12_Right_frame11.jpg,1,12_Right.mp4,11,0.44
1_12_Right_frame1.jpg,1,12_Right.mp4,1,0.04
1_12_Right_frame7.jpg,1,12_Right.mp4,7,0.28
1_12_Right_frame18.jpg,1,12_Right.mp4,18,0.72
1_13_Left_frame12.jpg,1,13_Left.mp4,12,0.48
1_13_Left_frame20.jpg,1,13_Left.mp4,20,0.80
1_13_Left_frame15.jpg,1,13_Left.mp4,15,0.60
1_13_Left_frame14.jpg,1,13_Left.mp4,14,0.56
1_13_Left_frame22.jpg,1,13_Left.mp4,22,0.88
1_13_Left_frame13.jpg,1,13_Left.mp4,13,0.52
1_13_Left_frame19.jpg,1,13_Left.mp4,19,0.76
1_13_Left_frame10.jpg,1,13_Left.mp4,10,0.40
1_13_Left_frame18.jpg,1,13_Left.mp4,18,0.72
1_13_Left_frame8.jpg,1,13_Left.mp4,8,0.32
1_14_Left_frame41.jpg,1,14_Left.mp4,41,1.64
1_14_Left_frame13.jpg,1,14_Left.mp4,13,0.52
1_14_Left_frame15.jpg,1,14_Left.mp4,15,0.60
1_14_Left_frame47.jpg,1,14_Left.mp4,47,1.88
1_14_Left_frame37.jpg,1,14_Left.mp4,37,1.48
1_14_Left_frame9.jpg,1,14_Left.mp4,9,0.36
1_14_Left_frame20.jpg,1,14_Left.mp4,20,0.80
1_14_Left_frame27.jpg,1,14_Left.mp4,27,1.08
1_14_Left_frame40.jpg,1,14_Left.mp4,40,1.60
1_14_Left_frame29.jpg,1,14_Left.mp4,29,1.16
1_15_Right_frame56.jpg,1,15_Right.mp4,56,2.24
1_15_Right_frame102.jpg,1,15_Right.mp4,102,4.08
1_15_Right_frame29.jpg,1,15_Right.mp4,29,1.16
1_15_Right_frame97.jpg,1,15_Right.mp4,97,3.88
1_15_Right_frame78.jpg,1,15_Right.mp4,78,3.12
1_15_Right_frame52.jpg,1,15_Right.mp4,52,2.08
1_15_Right_frame100.jpg,1,15_Right.mp4,100,4.00
1_15_Right_frame69.jpg,1,15_Right.mp4,69,2.76
1_15_Right_frame71.jpg,1,15_Right.mp4,71,2.84
1_15_Right_frame13.jpg,1,15_Right.mp4,13,0.52
1_16_Right_frame39.jpg,1,16_Right.mp4,39,1.56
1_16_Right_frame34.jpg,1,16_Right.mp4,34,1.36
1_16_Right_frame57.jpg,1,16_Right.mp4,57,2.28
1_16_Right_frame58.jpg,1,16_Right.mp4,58,2.32
1_16_Right_frame24.jpg,1,16_Right.mp4,24,0.96
1_16_Right_frame35.jpg,1,16_Right.mp4,35,1.40
1_16_Right_frame11.jpg,1,16_Right.mp4,11,0.44
1_16_Right_frame0.jpg,1,16_Right.mp4,0,0.00
1_16_Right_frame43.jpg,1,16_Right.mp4,43,1.72
1_16_Right_frame15.jpg,1,16_Right.mp4,15,0.60
1_17_Right_frame5.jpg,1,17_Right.mp4,5,0.20
1_17_Right_frame31.jpg,1,17_Right.mp4,31,1.24
1_17_Right_frame25.jpg,1,17_Right.mp4,25,1.00
1_17_Right_frame19.jpg,1,17_Right.mp4,19,0.76
1_17_Right_frame23.jpg,1,17_Right.mp4,23,0.92
1_17_Right_frame24.jpg,1,17_Right.mp4,24,0.96
1_17_Right_frame4.jpg,1,17_Right.mp4,4,0.16
1_17_Right_frame10.jpg,1,17_Right.mp4,10,0.40
1_17_Right_frame8.jpg,1,17_Right.mp4,8,0.32
1_17_Right_frame17.jpg,1,17_Right.mp4,17,0.68
1_18_Left_frame12.jpg,1,18_Left.mp4,12,0.48
1_18_Left_frame11.jpg,1,18_Left.mp4,11,0.44
1_18_Left_frame31.jpg,1,18_Left.mp4,31,1.24
1_18_Left_frame26.jpg,1,18_Left.mp4,26,1.04
1_18_Left_frame40.jpg,1,18_Left.mp4,40,1.60
1_18_Left_frame29.jpg,1,18_Left.mp4,29,1.16
1_18_Left_frame35.jpg,1,18_Left.mp4,35,1.40
1_18_Left_frame5.jpg,1,18_Left.mp4,5,0.20
1_18_Left_frame1.jpg,1,18_Left.mp4,1,0.04
1_18_Left_frame25.jpg,1,18_Left.mp4,25,1.00
1_19_Left_frame17.jpg,1,19_Left.mp4,17,0.68
1_19_Left_frame26.jpg,1,19_Left.mp4,26,1.04
1_19_Left_frame15.jpg,1,19_Left.mp4,15,0.60
1_19_Left_frame3.jpg,1,19_Left.mp4,3,0.12
1_19_Left_frame20.jpg,1,19_Left.mp4,20,0.80
1_19_Left_frame8.jpg,1,19_Left.mp4,8,0.32
1_19_Left_frame23.jpg,1,19_Left.mp4,23,0.92
1_19_Left_frame10.jpg,1,19_Left.mp4,10,0.40
1_19_Left_frame13.jpg,1,19_Left.mp4,13,0.52
1_19_Left_frame1.jpg,1,19_Left.mp4,1,0.04
1_1_Right_frame29.jpg,1,1_Right.mp4,29,1.16
1_1_Right_frame38.jpg,1,1_Right.mp4,38,1.52
1_1_Right_frame50.jpg,1,1_Right.mp4,50,2.00
1_1_Right_frame52.jpg,1,1_Right.mp4,52,2.08
1_1_Right_frame49.jpg,1,1_Right.mp4,49,1.96
1_1_Right_frame24.jpg,1,1_Right.mp4,24,0.96
1_1_Right_frame0.jpg,1,1_Right.mp4,0,0.00
1_1_Right_frame53.jpg,1,1_Right.mp4,53,2.12
1_1_Right_frame35.jpg,1,1_Right.mp4,35,1.40
1_1_Right_frame17.jpg,1,1_Right.mp4,17,0.68
1_20_Left_frame21.jpg,1,20_Left.mp4,21,0.84
1_20_Left_frame8.jpg,1,20_Left.mp4,8,0.32
1_20_Left_frame19.jpg,1,20_Left.mp4,19,0.76
1_20_Left_frame6.jpg,1,20_Left.mp4,6,0.24
1_20_Left_frame33.jpg,1,20_Left.mp4,33,1.32
1_20_Left_frame29.jpg,1,20_Left.mp4,29,1.16
1_20_Left_frame12.jpg,1,20_Left.mp4,12,0.48
1_20_Left_frame0.jpg,1,20_Left.mp4,0,0.00
1_20_Left_frame26.jpg,1,20_Left.mp4,26,1.04
1_20_Left_frame18.jpg,1,20_Left.mp4,18,0.72
1_21_Right_frame1.jpg,1,21_Right.mp4,1,0.04
1_21_Right_frame108.jpg,1,21_Right.mp4,108,4.32
1_21_Right_frame43.jpg,1,21_Right.mp4,43,1.72
1_21_Right_frame13.jpg,1,21_Right.mp4,13,0.52
1_21_Right_frame30.jpg,1,21_Right.mp4,30,1.20
1_21_Right_frame68.jpg,1,21_Right.mp4,68,2.72
1_21_Right_frame2.jpg,1,21_Right.mp4,2,0.08
1_21_Right_frame20.jpg,1,21_Right.mp4,20,0.80
1_21_Right_frame58.jpg,1,21_Right.mp4,58,2.32
1_21_Right_frame93.jpg,1,21_Right.mp4,93,3.72
1_22_Right_frame12.jpg,1,22_Right.mp4,12,0.48
1_22_Right_frame15.jpg,1,22_Right.mp4,15,0.60
1_22_Right_frame32.jpg,1,22_Right.mp4,32,1.28
1_22_Right_frame3.jpg,1,22_Right.mp4,3,0.12
1_22_Right_frame23.jpg,1,22_Right.mp4,23,0.92
1_22_Right_frame24.jpg,1,22_Right.mp4,24,0.96
1_22_Right_frame6.jpg,1,22_Right.mp4,6,0.24
1_22_Right_frame29.jpg,1,22_Right.mp4,29,1.16
1_22_Right_frame31.jpg,1,22_Right.mp4,31,1.24
1_22_Right_frame22.jpg,1,22_Right.mp4,22,0.88
1_23_Right_frame21.jpg,1,23_Right.mp4,21,0.84
1_23_Right_frame25.jpg,1,23_Right.mp4,25,1.00
1_23_Right_frame24.jpg,1,23_Right.mp4,24,0.96
1_23_Right_frame8.jpg,1,23_Right.mp4,8,0.32
1_23_Right_frame1.jpg,1,23_Right.mp4,1,0.04
1_23_Right_frame29.jpg,1,23_Right.mp4,29,1.16
1_23_Right_frame23.jpg,1,23_Right.mp4,23,0.92
1_23_Right_frame30.jpg,1,23_Right.mp4,30,1.20
1_23_Right_frame15.jpg,1,23_Right.mp4,15,0.60
1_23_Right_frame11.jpg,1,23_Right.mp4,11,0.44
1_24_Right_frame12.jpg,1,24_Right.mp4,12,0.48
1_24_Right_frame10.jpg,1,24_Right.mp4,10,0.40
1_24_Right_frame28.jpg,1,24_Right.mp4,28,1.12
1_24_Right_frame13.jpg,1,24_Right.mp4,13,0.52
1_24_Right_frame7.jpg,1,24_Right.mp4,7,0.28
1_24_Right_frame25.jpg,1,24_Right.mp4,25,1.00
1_24_Right_frame6.jpg,1,24_Right.mp4,6,0.24
1_24_Right_frame34.jpg,1,24_Right.mp4,34,1.36
1_24_Right_frame17.jpg,1,24_Right.mp4,17,0.68
1_24_Right_frame20.jpg,1,24_Right.mp4,20,0.80
1_2_Right_frame48.jpg,1,2_Right.mp4,48,1.92
1_2_Right_frame38.jpg,1,2_Right.mp4,38,1.52
1_2_Right_frame13.jpg,1,2_Right.mp4,13,0.52
1_2_Right_frame58.jpg,1,2_Right.mp4,58,2.32
1_2_Right_frame68.jpg,1,2_Right.mp4,68,2.72
1_2_Right_frame9.jpg,1,2_Right.mp4,9,0.36
1_2_Right_frame73.jpg,1,2_Right.mp4,73,2.92
1_2_Right_frame0.jpg,1,2_Right.mp4,0,0.00
1_2_Right_frame22.jpg,1,2_Right.mp4,22,0.88
1_2_Right_frame45.jpg,1,2_Right.mp4,45,1.80
1_3_Right_frame25.jpg,1,3_Right.mp4,25,1.00
1_3_Right_frame9.jpg,1,3_Right.mp4,9,0.36
1_3_Right_frame23.jpg,1,3_Right.mp4,23,0.92
1_3_Right_frame1.jpg,1,3_Right.mp4,1,0.04
1_3_Right_frame6.jpg,1,3_Right.mp4,6,0.24
1_3_Right_frame27.jpg,1,3_Right.mp4,27,1.08
1_3_Right_frame31.jpg,1,3_Right.mp4,31,1.24
1_3_Right_frame13.jpg,1,3_Right.mp4,13,0.52
1_3_Right_frame2.jpg,1,3_Right.mp4,2,0.08
1_3_Right_frame3.jpg,1,3_Right.mp4,3,0.12
1_4_Left_frame1.jpg,1,4_Left.mp4,1,0.04
1_4_Left_frame6.jpg,1,4_Left.mp4,6,0.24
1_4_Left_frame18.jpg,1,4_Left.mp4,18,0.72
1_4_Left_frame15.jpg,1,4_Left.mp4,15,0.60
1_4_Left_frame10.jpg,1,4_Left.mp4,10,0.40
1_4_Left_frame14.jpg,1,4_Left.mp4,14,0.56
1_4_Left_frame17.jpg,1,4_Left.mp4,17,0.68
1_4_Left_frame0.jpg,1,4_Left.mp4,0,0.00
1_4_Left_frame23.jpg,1,4_Left.mp4,23,0.92
1_4_Left_frame12.jpg,1,4_Left.mp4,12,0.48
1_5_Left_frame46.jpg,1,5_Left.mp4,46,1.84
1_5_Left_frame6.jpg,1,5_Left.mp4,6,0.24
1_5_Left_frame5.jpg,1,5_Left.mp4,5,0.20
1_5_Left_frame26.jpg,1,5_Left.mp4,26,1.04
1_5_Left_frame32.jpg,1,5_Left.mp4,32,1.28
1_5_Left_frame33.jpg,1,5_Left.mp4,33,1.32
1_5_Left_frame51.jpg,1,5_Left.mp4,51,2.04
1_5_Left_frame17.jpg,1,5_Left.mp4,17,0.68
1_5_Left_frame48.jpg,1,5_Left.mp4,48,1.92
1_5_Left_frame23.jpg,1,5_Left.mp4,23,0.92
1_6_Right_frame20.jpg,1,6_Right.mp4,20,0.80
1_6_Right_frame32.jpg,1,6_Right.mp4,32,1.28
1_6_Right_frame34.jpg,1,6_Right.mp4,34,1.36
1_6_Right_frame4.jpg,1,6_Right.mp4,4,0.16
1_6_Right_frame9.jpg,1,6_Right.mp4,9,0.36
1_6_Right_frame19.jpg,1,6_Right.mp4,19,0.76
1_6_Right_frame17.jpg,1,6_Right.mp4,17,0.68
1_6_Right_frame35.jpg,1,6_Right.mp4,35,1.40
1_6_Right_frame22.jpg,1,6_Right.mp4,22,0.88
1_6_Right_frame26.jpg,1,6_Right.mp4,26,1.04
1_7_Right_frame3.jpg,1,7_Right.mp4,3,0.12
1_7_Right_frame37.jpg,1,7_Right.mp4,37,1.48
1_7_Right_frame20.jpg,1,7_Right.mp4,20,0.80
1_7_Right_frame57.jpg,1,7_Right.mp4,57,2.28
1_7_Right_frame23.jpg,1,7_Right.mp4,23,0.92
1_7_Right_frame33.jpg,1,7_Right.mp4,33,1.32
1_7_Right_frame12.jpg,1,7_Right.mp4,12,0.48
1_7_Right_frame25.jpg,1,7_Right.mp4,25,1.00
1_7_Right_frame16.jpg,1,7_Right.mp4,16,0.64
1_7_Right_frame55.jpg,1,7_Right.mp4,55,2.20
1_8_Right_frame66.jpg,1,8_Right.mp4,66,2.64
1_8_Right_frame35.jpg,1,8_Right.mp4,35,1.40
1_8_Right_frame95.jpg,1,8_Right.mp4,95,3.80
1_8_Right_frame12.jpg,1,8_Right.mp4,12,0.48
1_8_Right_frame98.jpg,1,8_Right.mp4,98,3.92
1_8_Right_frame31.jpg,1,8_Right.mp4,31,1.24
1_8_Right_frame81.jpg,1,8_Right.mp4,81,3.24
1_8_Right_frame38.jpg,1,8_Right.mp4,38,1.52
1_8_Right_frame126.jpg,1,8_Right.mp4,126,5.04
1_8_Right_frame64.jpg,1,8_Right.mp4,64,2.56
1_9_Left_frame20.jpg,1,9_Left.mp4,20,0.80
1_9_Left_frame28.jpg,1,9_Left.mp4,28,1.12
1_9_Left_frame29.jpg,1,9_Left.mp4,29,1.16
1_9_Left_frame45.jpg,1,9_Left.mp4,45,1.80
1_9_Left_frame21.jpg,1,9_Left.mp4,21,0.84
1_9_Left_frame19.jpg,1,9_Left.mp4,19,0.76
1_9_Left_frame16.jpg,1,9_Left.mp4,16,0.64
1_9_Left_frame49.jpg,1,9_Left.mp4,49,1.96
1_9_Left_frame36.jpg,1,9_Left.mp4,36,1.44
1_9_Left_frame12.jpg,1,9_Left.mp4,12,0.48
10_10_Left_frame2.jpg,10,10_Left.mp4,2,0.08
10_10_Left_frame8.jpg,10,10_Left.mp4,8,0.33
10_10_Left_frame13.jpg,10,10_Left.mp4,13,0.54
10_10_Left_frame17.jpg,10,10_Left.mp4,17,0.71
10_10_Left_frame3.jpg,10,10_Left.mp4,3,0.13
10_10_Left_frame23.jpg,10,10_Left.mp4,23,0.96
10_10_Left_frame22.jpg,10,10_Left.mp4,22,0.92
10_10_Left_frame16.jpg,10,10_Left.mp4,16,0.67
10_10_Left_frame10.jpg,10,10_Left.mp4,10,0.42
10_10_Left_frame31.jpg,10,10_Left.mp4,31,1.29
10_11_Right_frame12.jpg,10,11_Right.mp4,12,0.50
10_11_Right_frame34.jpg,10,11_Right.mp4,34,1.42
10_11_Right_frame56.jpg,10,11_Right.mp4,56,2.34
10_11_Right_frame8.jpg,10,11_Right.mp4,8,0.33
10_11_Right_frame58.jpg,10,11_Right.mp4,58,2.42
10_11_Right_frame119.jpg,10,11_Right.mp4,119,4.96
10_11_Right_frame99.jpg,10,11_Right.mp4,99,4.13
10_11_Right_frame10.jpg,10,11_Right.mp4,10,0.42
10_11_Right_frame94.jpg,10,11_Right.mp4,94,3.92
10_11_Right_frame2.jpg,10,11_Right.mp4,2,0.08
10_12_Right_frame26.jpg,10,12_Right.mp4,26,1.08
10_12_Right_frame1.jpg,10,12_Right.mp4,1,0.04
10_12_Right_frame14.jpg,10,12_Right.mp4,14,0.58
10_12_Right_frame21.jpg,10,12_Right.mp4,21,0.88
10_12_Right_frame23.jpg,10,12_Right.mp4,23,0.96
10_12_Right_frame27.jpg,10,12_Right.mp4,27,1.13
10_12_Right_frame6.jpg,10,12_Right.mp4,6,0.25
10_12_Right_frame8.jpg,10,12_Right.mp4,8,0.33
10_12_Right_frame17.jpg,10,12_Right.mp4,17,0.71
10_12_Right_frame11.jpg,10,12_Right.mp4,11,0.46
10_13_Right_frame7.jpg,10,13_Right.mp4,7,0.29
10_13_Right_frame22.jpg,10,13_Right.mp4,22,0.92
10_13_Right_frame25.jpg,10,13_Right.mp4,25,1.04
10_13_Right_frame19.jpg,10,13_Right.mp4,19,0.79
10_13_Right_frame1.jpg,10,13_Right.mp4,1,0.04
10_13_Right_frame14.jpg,10,13_Right.mp4,14,0.58
10_13_Right_frame13.jpg,10,13_Right.mp4,13,0.54
10_13_Right_frame2.jpg,10,13_Right.mp4,2,0.08
10_13_Right_frame9.jpg,10,13_Right.mp4,9,0.38
10_13_Right_frame20.jpg,10,13_Right.mp4,20,0.83
10_14_Left_frame5.jpg,10,14_Left.mp4,5,0.21
10_14_Left_frame12.jpg,10,14_Left.mp4,12,0.50
10_14_Left_frame17.jpg,10,14_Left.mp4,17,0.71
10_14_Left_frame2.jpg,10,14_Left.mp4,2,0.08
10_14_Left_frame14.jpg,10,14_Left.mp4,14,0.58
10_14_Left_frame18.jpg,10,14_Left.mp4,18,0.75
10_14_Left_frame11.jpg,10,14_Left.mp4,11,0.46
10_14_Left_frame26.jpg,10,14_Left.mp4,26,1.08
10_14_Left_frame13.jpg,10,14_Left.mp4,13,0.54
10_14_Left_frame9.jpg,10,14_Left.mp4,9,0.38
10_15_Right_frame10.jpg,10,15_Right.mp4,10,0.42
10_15_Right_frame15.jpg,10,15_Right.mp4,15,0.63
10_15_Right_frame11.jpg,10,15_Right.mp4,11,0.46
10_15_Right_frame23.jpg,10,15_Right.mp4,23,0.96
10_15_Right_frame16.jpg,10,15_Right.mp4,16,0.67
10_15_Right_frame26.jpg,10,15_Right.mp4,26,1.08
10_15_Right_frame0.jpg,10,15_Right.mp4,0,0.00
10_15_Right_frame9.jpg,10,15_Right.mp4,9,0.38
10_15_Right_frame19.jpg,10,15_Right.mp4,19,0.79
10_15_Right_frame21.jpg,10,15_Right.mp4,21,0.88
10_16_Left_frame2.jpg,10,16_Left.mp4,2,0.08
10_16_Left_frame23.jpg,10,16_Left.mp4,23,0.96
10_16_Left_frame29.jpg,10,16_Left.mp4,29,1.21
10_16_Left_frame15.jpg,10,16_Left.mp4,15,0.63
10_16_Left_frame6.jpg,10,16_Left.mp4,6,0.25
10_16_Left_frame5.jpg,10,16_Left.mp4,5,0.21
10_16_Left_frame27.jpg,10,16_Left.mp4,27,1.13
10_16_Left_frame28.jpg,10,16_Left.mp4,28,1.17
10_16_Left_frame7.jpg,10,16_Left.mp4,7,0.29
10_16_Left_frame25.jpg,10,16_Left.mp4,25,1.04
10_17_Left_frame11.jpg,10,17_Left.mp4,11,0.46
10_17_Left_frame24.jpg,10,17_Left.mp4,24,1.00
10_17_Left_frame21.jpg,10,17_Left.mp4,21,0.88
10_17_Left_frame14.jpg,10,17_Left.mp4,14,0.58
10_17_Left_frame16.jpg,10,17_Left.mp4,16,0.67
10_17_Left_frame25.jpg,10,17_Left.mp4,25,1.04
10_17_Left_frame29.jpg,10,17_Left.mp4,29,1.21
10_17_Left_frame9.jpg,10,17_Left.mp4,9,0.38
10_17_Left_frame22.jpg,10,17_Left.mp4,22,0.92
10_17_Left_frame3.jpg,10,17_Left.mp4,3,0.13
10_18_Left_frame13.jpg,10,18_Left.mp4,13,0.54
10_18_Left_frame15.jpg,10,18_Left.mp4,15,0.63
10_18_Left_frame3.jpg,10,18_Left.mp4,3,0.13
10_18_Left_frame17.jpg,10,18_Left.mp4,17,0.71
10_18_Left_frame14.jpg,10,18_Left.mp4,14,0.58
10_18_Left_frame11.jpg,10,18_Left.mp4,11,0.46
10_18_Left_frame4.jpg,10,18_Left.mp4,4,0.17
10_18_Left_frame2.jpg,10,18_Left.mp4,2,0.08
10_18_Left_frame6.jpg,10,18_Left.mp4,6,0.25
10_18_Left_frame10.jpg,10,18_Left.mp4,10,0.42
10_19_Left_frame4.jpg,10,19_Left.mp4,4,0.17
10_19_Left_frame27.jpg,10,19_Left.mp4,27,1.13
10_19_Left_frame29.jpg,10,19_Left.mp4,29,1.21
10_19_Left_frame2.jpg,10,19_Left.mp4,2,0.08
10_19_Left_frame7.jpg,10,19_Left.mp4,7,0.29
10_19_Left_frame17.jpg,10,19_Left.mp4,17,0.71
10_19_Left_frame9.jpg,10,19_Left.mp4,9,0.38
10_19_Left_frame6.jpg,10,19_Left.mp4,6,0.25
10_19_Left_frame8.jpg,10,19_Left.mp4,8,0.33
10_19_Left_frame21.jpg,10,19_Left.mp4,21,0.88
10_1_Right_frame10.jpg,10,1_Right.mp4,10,0.42
10_1_Right_frame4.jpg,10,1_Right.mp4,4,0.17
10_1_Right_frame7.jpg,10,1_Right.mp4,7,0.29
10_1_Right_frame34.jpg,10,1_Right.mp4,34,1.42
10_1_Right_frame32.jpg,10,1_Right.mp4,32,1.33
10_1_Right_frame26.jpg,10,1_Right.mp4,26,1.08
10_1_Right_frame31.jpg,10,1_Right.mp4,31,1.29
10_1_Right_frame15.jpg,10,1_Right.mp4,15,0.63
10_1_Right_frame8.jpg,10,1_Right.mp4,8,0.33
10_1_Right_frame12.jpg,10,1_Right.mp4,12,0.50
10_20_Left_frame49.jpg,10,20_Left.mp4,49,2.04
10_20_Left_frame19.jpg,10,20_Left.mp4,19,0.79
10_20_Left_frame29.jpg,10,20_Left.mp4,29,1.21
10_20_Left_frame11.jpg,10,20_Left.mp4,11,0.46
10_20_Left_frame39.jpg,10,20_Left.mp4,39,1.63
10_20_Left_frame35.jpg,10,20_Left.mp4,35,1.46
10_20_Left_frame5.jpg,10,20_Left.mp4,5,0.21
10_20_Left_frame41.jpg,10,20_Left.mp4,41,1.71
10_20_Left_frame26.jpg,10,20_Left.mp4,26,1.08
10_20_Left_frame6.jpg,10,20_Left.mp4,6,0.25
10_21_Left_frame8.jpg,10,21_Left.mp4,8,0.33
10_21_Left_frame0.jpg,10,21_Left.mp4,0,0.00
10_21_Left_frame6.jpg,10,21_Left.mp4,6,0.25
10_21_Left_frame28.jpg,10,21_Left.mp4,28,1.17
10_21_Left_frame23.jpg,10,21_Left.mp4,23,0.96
10_21_Left_frame5.jpg,10,21_Left.mp4,5,0.21
10_21_Left_frame3.jpg,10,21_Left.mp4,3,0.13
10_21_Left_frame13.jpg,10,21_Left.mp4,13,0.54
10_21_Left_frame19.jpg,10,21_Left.mp4,19,0.79
10_21_Left_frame18.jpg,10,21_Left.mp4,18,0.75
10_22_Left_frame4.jpg,10,22_Left.mp4,4,0.17
10_22_Left_frame12.jpg,10,22_Left.mp4,12,0.50
10_22_Left_frame8.jpg,10,22_Left.mp4,8,0.33
10_22_Left_frame18.jpg,10,22_Left.mp4,18,0.75
10_22_Left_frame10.jpg,10,22_Left.mp4,10,0.42
10_22_Left_frame17.jpg,10,22_Left.mp4,17,0.71
10_22_Left_frame20.jpg,10,22_Left.mp4,20,0.83
10_22_Left_frame24.jpg,10,22_Left.mp4,24,1.00
10_22_Left_frame23.jpg,10,22_Left.mp4,23,0.96
10_22_Left_frame5.jpg,10,22_Left.mp4,5,0.21
10_23_Right_frame16.jpg,10,23_Right.mp4,16,0.67
10_23_Right_frame64.jpg,10,23_Right.mp4,64,2.67
10_23_Right_frame15.jpg,10,23_Right.mp4,15,0.63
10_23_Right_frame52.jpg,10,23_Right.mp4,52,2.17
10_23_Right_frame32.jpg,10,23_Right.mp4,32,1.33
10_23_Right_frame23.jpg,10,23_Right.mp4,23,0.96
10_23_Right_frame57.jpg,10,23_Right.mp4,57,2.38
10_23_Right_frame0.jpg,10,23_Right.mp4,0,0.00
10_23_Right_frame48.jpg,10,23_Right.mp4,48,2.00
10_23_Right_frame51.jpg,10,23_Right.mp4,51,2.13
10_24_Right_frame3.jpg,10,24_Right.mp4,3,0.13
10_24_Right_frame25.jpg,10,24_Right.mp4,25,1.04
10_24_Right_frame20.jpg,10,24_Right.mp4,20,0.83
10_24_Right_frame14.jpg,10,24_Right.mp4,14,0.58
10_24_Right_frame11.jpg,10,24_Right.mp4,11,0.46
10_24_Right_frame15.jpg,10,24_Right.mp4,15,0.63
10_24_Right_frame6.jpg,10,24_Right.mp4,6,0.25
10_24_Right_frame12.jpg,10,24_Right.mp4,12,0.50
10_24_Right_frame0.jpg,10,24_Right.mp4,0,0.00
10_24_Right_frame19.jpg,10,24_Right.mp4,19,0.79
10_25_Right_frame11.jpg,10,25_Right.mp4,11,0.46
10_25_Right_frame15.jpg,10,25_Right.mp4,15,0.63
10_25_Right_frame10.jpg,10,25_Right.mp4,10,0.42
10_25_Right_frame1.jpg,10,25_Right.mp4,1,0.04
10_25_Right_frame18.jpg,10,25_Right.mp4,18,0.75
10_25_Right_frame17.jpg,10,25_Right.mp4,17,0.71
10_25_Right_frame16.jpg,10,25_Right.mp4,16,0.67
10_25_Right_frame2.jpg,10,25_Right.mp4,2,0.08
10_25_Right_frame20.jpg,10,25_Right.mp4,20,0.83
10_25_Right_frame3.jpg,10,25_Right.mp4,3,0.13
10_26_Left_frame37.jpg,10,26_Left.mp4,37,1.54
10_26_Left_frame63.jpg,10,26_Left.mp4,63,2.63
10_26_Left_frame105.jpg,10,26_Left.mp4,105,4.38
10_26_Left_frame76.jpg,10,26_Left.mp4,76,3.17
10_26_Left_frame87.jpg,10,26_Left.mp4,87,3.63
10_26_Left_frame5.jpg,10,26_Left.mp4,5,0.21
10_26_Left_frame80.jpg,10,26_Left.mp4,80,3.34
10_26_Left_frame7.jpg,10,26_Left.mp4,7,0.29
10_26_Left_frame95.jpg,10,26_Left.mp4,95,3.96
10_26_Left_frame30.jpg,10,26_Left.mp4,30,1.25
10_27_Left_frame11.jpg,10,27_Left.mp4,11,0.46
10_27_Left_frame18.jpg,10,27_Left.mp4,18,0.75
10_27_Left_frame17.jpg,10,27_Left.mp4,17,0.71
10_27_Left_frame19.jpg,10,27_Left.mp4,19,0.79
10_27_Left_frame14.jpg,10,27_Left.mp4,14,0.58
10_27_Left_frame0.jpg,10,27_Left.mp4,0,0.00
10_27_Left_frame22.jpg,10,27_Left.mp4,22,0.92
10_27_Left_frame5.jpg,10,27_Left.mp4,5,0.21
10_27_Left_frame12.jpg,10,27_Left.mp4,12,0.50
10_27_Left_frame10.jpg,10,27_Left.mp4,10,0.42
10_2_Right_frame18.jpg,10,2_Right.mp4,18,0.75
10_2_Right_frame67.jpg,10,2_Right.mp4,67,2.79
10_2_Right_frame116.jpg,10,2_Right.mp4,116,4.84
10_2_Right_frame113.jpg,10,2_Right.mp4,113,4.71
10_2_Right_frame49.jpg,10,2_Right.mp4,49,2.04
10_2_Right_frame61.jpg,10,2_Right.mp4,61,2.54
10_2_Right_frame55.jpg,10,2_Right.mp4,55,2.29
10_2_Right_frame15.jpg,10,2_Right.mp4,15,0.63
10_2_Right_frame99.jpg,10,2_Right.mp4,99,4.13
10_2_Right_frame77.jpg,10,2_Right.mp4,77,3.21
10_3_Right_frame31.jpg,10,3_Right.mp4,31,1.29
10_3_Right_frame27.jpg,10,3_Right.mp4,27,1.13
10_3_Right_frame35.jpg,10,3_Right.mp4,35,1.46
10_3_Right_frame15.jpg,10,3_Right.mp4,15,0.63
10_3_Right_frame29.jpg,10,3_Right.mp4,29,1.21
10_3_Right_frame32.jpg,10,3_Right.mp4,32,1.33
10_3_Right_frame19.jpg,10,3_Right.mp4,19,0.79
10_3_Right_frame30.jpg,10,3_Right.mp4,30,1.25
10_3_Right_frame24.jpg,10,3_Right.mp4,24,1.00
10_3_Right_frame10.jpg,10,3_Right.mp4,10,0.42
10_4_Right_frame35.jpg,10,4_Right.mp4,35,1.46
10_4_Right_frame62.jpg,10,4_Right.mp4,62,2.59
10_4_Right_frame123.jpg,10,4_Right.mp4,123,5.13
10_4_Right_frame85.jpg,10,4_Right.mp4,85,3.55
10_4_Right_frame63.jpg,10,4_Right.mp4,63,2.63
10_4_Right_frame36.jpg,10,4_Right.mp4,36,1.50
10_4_Right_frame93.jpg,10,4_Right.mp4,93,3.88
10_4_Right_frame65.jpg,10,4_Right.mp4,65,2.71
10_4_Right_frame124.jpg,10,4_Right.mp4,124,5.17
10_4_Right_frame68.jpg,10,4_Right.mp4,68,2.84
10_5_Left_frame17.jpg,10,5_Left.mp4,17,0.71
10_5_Left_frame28.jpg,10,5_Left.mp4,28,1.17
10_5_Left_frame3.jpg,10,5_Left.mp4,3,0.13
10_5_Left_frame5.jpg,10,5_Left.mp4,5,0.21
10_5_Left_frame12.jpg,10,5_Left.mp4,12,0.50
10_5_Left_frame1.jpg,10,5_Left.mp4,1,0.04
10_5_Left_frame24.jpg,10,5_Left.mp4,24,1.00
10_5_Left_frame6.jpg,10,5_Left.mp4,6,0.25
10_5_Left_frame21.jpg,10,5_Left.mp4,21,0.88
10_5_Left_frame23.jpg,10,5_Left.mp4,23,0.96
10_6_Right_frame3.jpg,10,6_Right.mp4,3,0.13
10_6_Right_frame0.jpg,10,6_Right.mp4,0,0.00
10_6_Right_frame19.jpg,10,6_Right.mp4,19,0.79
10_6_Right_frame24.jpg,10,6_Right.mp4,24,1.00
10_6_Right_frame17.jpg,10,6_Right.mp4,17,0.71
10_6_Right_frame13.jpg,10,6_Right.mp4,13,0.54
10_6_Right_frame8.jpg,10,6_Right.mp4,8,0.33
10_6_Right_frame28.jpg,10,6_Right.mp4,28,1.17
10_6_Right_frame9.jpg,10,6_Right.mp4,9,0.38
10_6_Right_frame11.jpg,10,6_Right.mp4,11,0.46
10_7_Left_frame19.jpg,10,7_Left.mp4,19,0.79
10_7_Left_frame2.jpg,10,7_Left.mp4,2,0.08
10_7_Left_frame25.jpg,10,7_Left.mp4,25,1.04
10_7_Left_frame5.jpg,10,7_Left.mp4,5,0.21
10_7_Left_frame10.jpg,10,7_Left.mp4,10,0.42
10_7_Left_frame4.jpg,10,7_Left.mp4,4,0.17
10_7_Left_frame21.jpg,10,7_Left.mp4,21,0.88
10_7_Left_frame11.jpg,10,7_Left.mp4,11,0.46
10_7_Left_frame18.jpg,10,7_Left.mp4,18,0.75
10_7_Left_frame27.jpg,10,7_Left.mp4,27,1.13
10_8_Left_frame19.jpg,10,8_Left.mp4,19,0.79
10_8_Left_frame13.jpg,10,8_Left.mp4,13,0.54
10_8_Left_frame14.jpg,10,8_Left.mp4,14,0.58
10_8_Left_frame41.jpg,10,8_Left.mp4,41,1.71
10_8_Left_frame69.jpg,10,8_Left.mp4,69,2.88
10_8_Left_frame34.jpg,10,8_Left.mp4,34,1.42
10_8_Left_frame51.jpg,10,8_Left.mp4,51,2.13
10_8_Left_frame7.jpg,10,8_Left.mp4,7,0.29
10_8_Left_frame50.jpg,10,8_Left.mp4,50,2.09
10_8_Left_frame63.jpg,10,8_Left.mp4,63,2.63
10_9_Left_frame23.jpg,10,9_Left.mp4,23,0.96
10_9_Left_frame4.jpg,10,9_Left.mp4,4,0.17
10_9_Left_frame26.jpg,10,9_Left.mp4,26,1.08
10_9_Left_frame12.jpg,10,9_Left.mp4,12,0.50
10_9_Left_frame30.jpg,10,9_Left.mp4,30,1.25
10_9_Left_frame3.jpg,10,9_Left.mp4,3,0.13
10_9_Left_frame7.jpg,10,9_Left.mp4,7,0.29
10_9_Left_frame6.jpg,10,9_Left.mp4,6,0.25
10_9_Left_frame1.jpg,10,9_Left.mp4,1,0.04
10_9_Left_frame5.jpg,10,9_Left.mp4,5,0.21
2_10_Right_frame30.jpg,2,10_Right.mp4,30,1.20
2_10_Right_frame25.jpg,2,10_Right.mp4,25,1.00
2_10_Right_frame18.jpg,2,10_Right.mp4,18,0.72
2_10_Right_frame44.jpg,2,10_Right.mp4,44,1.76
2_10_Right_frame16.jpg,2,10_Right.mp4,16,0.64
2_10_Right_frame8.jpg,2,10_Right.mp4,8,0.32
2_10_Right_frame46.jpg,2,10_Right.mp4,46,1.84
2_10_Right_frame1.jpg,2,10_Right.mp4,1,0.04
2_10_Right_frame51.jpg,2,10_Right.mp4,51,2.04
2_10_Right_frame29.jpg,2,10_Right.mp4,29,1.16
2_11_Left_frame5.jpg,2,11_Left.mp4,5,0.20
2_11_Left_frame25.jpg,2,11_Left.mp4,25,1.00
2_11_Left_frame16.jpg,2,11_Left.mp4,16,0.64
2_11_Left_frame35.jpg,2,11_Left.mp4,35,1.40
2_11_Left_frame8.jpg,2,11_Left.mp4,8,0.32
2_11_Left_frame17.jpg,2,11_Left.mp4,17,0.68
2_11_Left_frame6.jpg,2,11_Left.mp4,6,0.24
2_11_Left_frame36.jpg,2,11_Left.mp4,36,1.44
2_11_Left_frame13.jpg,2,11_Left.mp4,13,0.52
2_11_Left_frame37.jpg,2,11_Left.mp4,37,1.48
2_12_Right_frame1.jpg,2,12_Right.mp4,1,0.04
2_12_Right_frame91.jpg,2,12_Right.mp4,91,3.64
2_12_Right_frame46.jpg,2,12_Right.mp4,46,1.84
2_12_Right_frame21.jpg,2,12_Right.mp4,21,0.84
2_12_Right_frame38.jpg,2,12_Right.mp4,38,1.52
2_12_Right_frame35.jpg,2,12_Right.mp4,35,1.40
2_12_Right_frame75.jpg,2,12_Right.mp4,75,3.00
2_12_Right_frame18.jpg,2,12_Right.mp4,18,0.72
2_12_Right_frame108.jpg,2,12_Right.mp4,108,4.32
2_12_Right_frame34.jpg,2,12_Right.mp4,34,1.36
2_13_Right_frame11.jpg,2,13_Right.mp4,11,0.44
2_13_Right_frame5.jpg,2,13_Right.mp4,5,0.20
2_13_Right_frame8.jpg,2,13_Right.mp4,8,0.32
2_13_Right_frame3.jpg,2,13_Right.mp4,3,0.12
2_13_Right_frame13.jpg,2,13_Right.mp4,13,0.52
2_13_Right_frame2.jpg,2,13_Right.mp4,2,0.08
2_13_Right_frame20.jpg,2,13_Right.mp4,20,0.80
2_13_Right_frame22.jpg,2,13_Right.mp4,22,0.88
2_13_Right_frame18.jpg,2,13_Right.mp4,18,0.72
2_13_Right_frame14.jpg,2,13_Right.mp4,14,0.56
2_14_Right_frame10.jpg,2,14_Right.mp4,10,0.40
2_14_Right_frame17.jpg,2,14_Right.mp4,17,0.68
2_14_Right_frame5.jpg,2,14_Right.mp4,5,0.20
2_14_Right_frame3.jpg,2,14_Right.mp4,3,0.12
2_14_Right_frame14.jpg,2,14_Right.mp4,14,0.56
2_14_Right_frame9.jpg,2,14_Right.mp4,9,0.36
2_14_Right_frame7.jpg,2,14_Right.mp4,7,0.28
2_14_Right_frame11.jpg,2,14_Right.mp4,11,0.44
2_14_Right_frame23.jpg,2,14_Right.mp4,23,0.92
2_14_Right_frame18.jpg,2,14_Right.mp4,18,0.72
2_15_Right_frame2.jpg,2,15_Right.mp4,2,0.08
2_15_Right_frame16.jpg,2,15_Right.mp4,16,0.64
2_15_Right_frame8.jpg,2,15_Right.mp4,8,0.32
2_15_Right_frame20.jpg,2,15_Right.mp4,20,0.80
2_15_Right_frame10.jpg,2,15_Right.mp4,10,0.40
2_15_Right_frame0.jpg,2,15_Right.mp4,0,0.00
2_15_Right_frame7.jpg,2,15_Right.mp4,7,0.28
2_15_Right_frame1.jpg,2,15_Right.mp4,1,0.04
2_15_Right_frame3.jpg,2,15_Right.mp4,3,0.12
2_15_Right_frame15.jpg,2,15_Right.mp4,15,0.60
2_16_Left_frame141.jpg,2,16_Left.mp4,141,5.64
2_16_Left_frame142.jpg,2,16_Left.mp4,142,5.68
2_16_Left_frame25.jpg,2,16_Left.mp4,25,1.00
2_16_Left_frame151.jpg,2,16_Left.mp4,151,6.04
2_16_Left_frame115.jpg,2,16_Left.mp4,115,4.60
2_16_Left_frame30.jpg,2,16_Left.mp4,30,1.20
2_16_Left_frame162.jpg,2,16_Left.mp4,162,6.48
2_16_Left_frame5.jpg,2,16_Left.mp4,5,0.20
2_16_Left_frame58.jpg,2,16_Left.mp4,58,2.32
2_16_Left_frame132.jpg,2,16_Left.mp4,132,5.28
2_17_Right_frame39.jpg,2,17_Right.mp4,39,1.56
2_17_Right_frame0.jpg,2,17_Right.mp4,0,0.00
2_17_Right_frame11.jpg,2,17_Right.mp4,11,0.44
2_17_Right_frame31.jpg,2,17_Right.mp4,31,1.24
2_17_Right_frame37.jpg,2,17_Right.mp4,37,1.48
2_17_Right_frame44.jpg,2,17_Right.mp4,44,1.76
2_17_Right_frame43.jpg,2,17_Right.mp4,43,1.72
2_17_Right_frame24.jpg,2,17_Right.mp4,24,0.96
2_17_Right_frame34.jpg,2,17_Right.mp4,34,1.36
2_17_Right_frame33.jpg,2,17_Right.mp4,33,1.32
2_18_Right_frame33.jpg,2,18_Right.mp4,33,1.32
2_18_Right_frame14.jpg,2,18_Right.mp4,14,0.56
2_18_Right_frame24.jpg,2,18_Right.mp4,24,0.96
2_18_Right_frame8.jpg,2,18_Right.mp4,8,0.32
2_18_Right_frame13.jpg,2,18_Right.mp4,13,0.52
2_18_Right_frame37.jpg,2,18_Right.mp4,37,1.48
2_18_Right_frame10.jpg,2,18_Right.mp4,10,0.40
2_18_Right_frame27.jpg,2,18_Right.mp4,27,1.08
2_18_Right_frame29.jpg,2,18_Right.mp4,29,1.16
2_18_Right_frame0.jpg,2,18_Right.mp4,0,0.00
2_19_Left_frame46.jpg,2,19_Left.mp4,46,1.84
2_19_Left_frame18.jpg,2,19_Left.mp4,18,0.72
2_19_Left_frame28.jpg,2,19_Left.mp4,28,1.12
2_19_Left_frame62.jpg,2,19_Left.mp4,62,2.48
2_19_Left_frame43.jpg,2,19_Left.mp4,43,1.72
2_19_Left_frame66.jpg,2,19_Left.mp4,66,2.64
2_19_Left_frame12.jpg,2,19_Left.mp4,12,0.48
2_19_Left_frame64.jpg,2,19_Left.mp4,64,2.56
2_19_Left_frame19.jpg,2,19_Left.mp4,19,0.76
2_19_Left_frame26.jpg,2,19_Left.mp4,26,1.04
2_1_Left_frame27.jpg,2,1_Left.mp4,27,1.08
2_1_Left_frame16.jpg,2,1_Left.mp4,16,0.64
2_1_Left_frame28.jpg,2,1_Left.mp4,28,1.12
2_1_Left_frame5.jpg,2,1_Left.mp4,5,0.20
2_1_Left_frame29.jpg,2,1_Left.mp4,29,1.16
2_1_Left_frame33.jpg,2,1_Left.mp4,33,1.32
2_1_Left_frame32.jpg,2,1_Left.mp4,32,1.28
2_1_Left_frame7.jpg,2,1_Left.mp4,7,0.28
2_1_Left_frame15.jpg,2,1_Left.mp4,15,0.60
2_1_Left_frame11.jpg,2,1_Left.mp4,11,0.44
2_20_Right_frame21.jpg,2,20_Right.mp4,21,0.84
2_20_Right_frame17.jpg,2,20_Right.mp4,17,0.68
2_20_Right_frame0.jpg,2,20_Right.mp4,0,0.00
2_20_Right_frame3.jpg,2,20_Right.mp4,3,0.12
2_20_Right_frame10.jpg,2,20_Right.mp4,10,0.40
2_20_Right_frame18.jpg,2,20_Right.mp4,18,0.72
2_20_Right_frame11.jpg,2,20_Right.mp4,11,0.44
2_20_Right_frame6.jpg,2,20_Right.mp4,6,0.24
2_20_Right_frame14.jpg,2,20_Right.mp4,14,0.56
2_20_Right_frame12.jpg,2,20_Right.mp4,12,0.48
2_21_Right_frame25.jpg,2,21_Right.mp4,25,1.00
2_21_Right_frame98.jpg,2,21_Right.mp4,98,3.92
2_21_Right_frame1.jpg,2,21_Right.mp4,1,0.04
2_21_Right_frame20.jpg,2,21_Right.mp4,20,0.80
2_21_Right_frame28.jpg,2,21_Right.mp4,28,1.12
2_21_Right_frame72.jpg,2,21_Right.mp4,72,2.88
2_21_Right_frame74.jpg,2,21_Right.mp4,74,2.96
2_21_Right_frame110.jpg,2,21_Right.mp4,110,4.40
2_21_Right_frame40.jpg,2,21_Right.mp4,40,1.60
2_21_Right_frame7.jpg,2,21_Right.mp4,7,0.28
2_22_Right_frame4.jpg,2,22_Right.mp4,4,0.16
2_22_Right_frame10.jpg,2,22_Right.mp4,10,0.40
2_22_Right_frame7.jpg,2,22_Right.mp4,7,0.28
2_22_Right_frame24.jpg,2,22_Right.mp4,24,0.96
2_22_Right_frame29.jpg,2,22_Right.mp4,29,1.16
2_22_Right_frame14.jpg,2,22_Right.mp4,14,0.56
2_22_Right_frame28.jpg,2,22_Right.mp4,28,1.12
2_22_Right_frame17.jpg,2,22_Right.mp4,17,0.68
2_22_Right_frame27.jpg,2,22_Right.mp4,27,1.08
2_22_Right_frame3.jpg,2,22_Right.mp4,3,0.12
2_2_Left_frame30.jpg,2,2_Left.mp4,30,1.20
2_2_Left_frame28.jpg,2,2_Left.mp4,28,1.12
2_2_Left_frame37.jpg,2,2_Left.mp4,37,1.48
2_2_Left_frame38.jpg,2,2_Left.mp4,38,1.52
2_2_Left_frame7.jpg,2,2_Left.mp4,7,0.28
2_2_Left_frame1.jpg,2,2_Left.mp4,1,0.04
2_2_Left_frame31.jpg,2,2_Left.mp4,31,1.24
2_2_Left_frame17.jpg,2,2_Left.mp4,17,0.68
2_2_Left_frame21.jpg,2,2_Left.mp4,21,0.84
2_2_Left_frame0.jpg,2,2_Left.mp4,0,0.00
2_3_Left_frame22.jpg,2,3_Left.mp4,22,0.88
2_3_Left_frame17.jpg,2,3_Left.mp4,17,0.68
2_3_Left_frame11.jpg,2,3_Left.mp4,11,0.44
2_3_Left_frame24.jpg,2,3_Left.mp4,24,0.96
2_3_Left_frame33.jpg,2,3_Left.mp4,33,1.32
2_3_Left_frame12.jpg,2,3_Left.mp4,12,0.48
2_3_Left_frame4.jpg,2,3_Left.mp4,4,0.16
2_3_Left_frame27.jpg,2,3_Left.mp4,27,1.08
2_3_Left_frame13.jpg,2,3_Left.mp4,13,0.52
2_3_Left_frame15.jpg,2,3_Left.mp4,15,0.60
2_4_Right_frame17.jpg,2,4_Right.mp4,17,0.68
2_4_Right_frame48.jpg,2,4_Right.mp4,48,1.92
2_4_Right_frame12.jpg,2,4_Right.mp4,12,0.48
2_4_Right_frame18.jpg,2,4_Right.mp4,18,0.72
2_4_Right_frame13.jpg,2,4_Right.mp4,13,0.52
2_4_Right_frame30.jpg,2,4_Right.mp4,30,1.20
2_4_Right_frame8.jpg,2,4_Right.mp4,8,0.32
2_4_Right_frame26.jpg,2,4_Right.mp4,26,1.04
2_4_Right_frame11.jpg,2,4_Right.mp4,11,0.44
2_4_Right_frame50.jpg,2,4_Right.mp4,50,2.00
2_5_Right_frame16.jpg,2,5_Right.mp4,16,0.64
2_5_Right_frame2.jpg,2,5_Right.mp4,2,0.08
2_5_Right_frame1.jpg,2,5_Right.mp4,1,0.04
2_5_Right_frame0.jpg,2,5_Right.mp4,0,0.00
2_5_Right_frame6.jpg,2,5_Right.mp4,6,0.24
2_5_Right_frame14.jpg,2,5_Right.mp4,14,0.56
2_5_Right_frame13.jpg,2,5_Right.mp4,13,0.52
2_5_Right_frame15.jpg,2,5_Right.mp4,15,0.60
2_5_Right_frame10.jpg,2,5_Right.mp4,10,0.40
2_5_Right_frame7.jpg,2,5_Right.mp4,7,0.28
2_6_Left_frame2.jpg,2,6_Left.mp4,2,0.08
2_6_Left_frame17.jpg,2,6_Left.mp4,17,0.68
2_6_Left_frame10.jpg,2,6_Left.mp4,10,0.40
2_6_Left_frame11.jpg,2,6_Left.mp4,11,0.44
2_6_Left_frame13.jpg,2,6_Left.mp4,13,0.52
2_6_Left_frame4.jpg,2,6_Left.mp4,4,0.16
2_6_Left_frame7.jpg,2,6_Left.mp4,7,0.28
2_6_Left_frame18.jpg,2,6_Left.mp4,18,0.72
2_6_Left_frame12.jpg,2,6_Left.mp4,12,0.48
2_6_Left_frame5.jpg,2,6_Left.mp4,5,0.20
2_7_Right_frame14.jpg,2,7_Right.mp4,14,0.56
2_7_Right_frame17.jpg,2,7_Right.mp4,17,0.68
2_7_Right_frame20.jpg,2,7_Right.mp4,20,0.80
2_7_Right_frame21.jpg,2,7_Right.mp4,21,0.84
2_7_Right_frame10.jpg,2,7_Right.mp4,10,0.40
2_7_Right_frame18.jpg,2,7_Right.mp4,18,0.72
2_7_Right_frame4.jpg,2,7_Right.mp4,4,0.16
2_7_Right_frame5.jpg,2,7_Right.mp4,5,0.20
2_7_Right_frame3.jpg,2,7_Right.mp4,3,0.12
2_7_Right_frame2.jpg,2,7_Right.mp4,2,0.08
2_8_Left_frame29.jpg,2,8_Left.mp4,29,1.16
2_8_Left_frame11.jpg,2,8_Left.mp4,11,0.44
2_8_Left_frame6.jpg,2,8_Left.mp4,6,0.24
2_8_Left_frame10.jpg,2,8_Left.mp4,10,0.40
2_8_Left_frame12.jpg,2,8_Left.mp4,12,0.48
2_8_Left_frame15.jpg,2,8_Left.mp4,15,0.60
2_8_Left_frame25.jpg,2,8_Left.mp4,25,1.00
2_8_Left_frame16.jpg,2,8_Left.mp4,16,0.64
2_8_Left_frame4.jpg,2,8_Left.mp4,4,0.16
2_8_Left_frame5.jpg,2,8_Left.mp4,5,0.20
2_9_Right_frame3.jpg,2,9_Right.mp4,3,0.12
2_9_Right_frame13.jpg,2,9_Right.mp4,13,0.52
2_9_Right_frame32.jpg,2,9_Right.mp4,32,1.28
2_9_Right_frame14.jpg,2,9_Right.mp4,14,0.56
2_9_Right_frame16.jpg,2,9_Right.mp4,16,0.64
2_9_Right_frame29.jpg,2,9_Right.mp4,29,1.16
2_9_Right_frame4.jpg,2,9_Right.mp4,4,0.16
2_9_Right_frame7.jpg,2,9_Right.mp4,7,0.28
2_9_Right_frame12.jpg,2,9_Right.mp4,12,0.48
2_9_Right_frame2.jpg,2,9_Right.mp4,2,0.08
3_10_Left_frame43.jpg,3,10_Left.mp4,43,1.72
3_10_Left_frame10.jpg,3,10_Left.mp4,10,0.40
3_10_Left_frame6.jpg,3,10_Left.mp4,6,0.24
3_10_Left_frame17.jpg,3,10_Left.mp4,17,0.68
3_10_Left_frame30.jpg,3,10_Left.mp4,30,1.20
3_10_Left_frame14.jpg,3,10_Left.mp4,14,0.56
3_10_Left_frame39.jpg,3,10_Left.mp4,39,1.56
3_10_Left_frame3.jpg,3,10_Left.mp4,3,0.12
3_10_Left_frame29.jpg,3,10_Left.mp4,29,1.16
3_10_Left_frame40.jpg,3,10_Left.mp4,40,1.60
3_11_Right_frame19.jpg,3,11_Right.mp4,19,0.76
3_11_Right_frame1.jpg,3,11_Right.mp4,1,0.04
3_11_Right_frame3.jpg,3,11_Right.mp4,3,0.12
3_11_Right_frame36.jpg,3,11_Right.mp4,36,1.44
3_11_Right_frame12.jpg,3,11_Right.mp4,12,0.48
3_11_Right_frame30.jpg,3,11_Right.mp4,30,1.20
3_11_Right_frame28.jpg,3,11_Right.mp4,28,1.12
3_11_Right_frame11.jpg,3,11_Right.mp4,11,0.44
3_11_Right_frame15.jpg,3,11_Right.mp4,15,0.60
3_11_Right_frame9.jpg,3,11_Right.mp4,9,0.36
3_12_Left_frame25.jpg,3,12_Left.mp4,25,1.00
3_12_Left_frame26.jpg,3,12_Left.mp4,26,1.04
3_12_Left_frame23.jpg,3,12_Left.mp4,23,0.92
3_12_Left_frame3.jpg,3,12_Left.mp4,3,0.12
3_12_Left_frame35.jpg,3,12_Left.mp4,35,1.40
3_12_Left_frame41.jpg,3,12_Left.mp4,41,1.64
3_12_Left_frame28.jpg,3,12_Left.mp4,28,1.12
3_12_Left_frame19.jpg,3,12_Left.mp4,19,0.76
3_12_Left_frame13.jpg,3,12_Left.mp4,13,0.52
3_12_Left_frame31.jpg,3,12_Left.mp4,31,1.24
3_13_Left_frame18.jpg,3,13_Left.mp4,18,0.72
3_13_Left_frame7.jpg,3,13_Left.mp4,7,0.28
3_13_Left_frame31.jpg,3,13_Left.mp4,31,1.24
3_13_Left_frame24.jpg,3,13_Left.mp4,24,0.96
3_13_Left_frame28.jpg,3,13_Left.mp4,28,1.12
3_13_Left_frame21.jpg,3,13_Left.mp4,21,0.84
3_13_Left_frame33.jpg,3,13_Left.mp4,33,1.32
3_13_Left_frame12.jpg,3,13_Left.mp4,12,0.48
3_13_Left_frame19.jpg,3,13_Left.mp4,19,0.76
3_13_Left_frame17.jpg,3,13_Left.mp4,17,0.68
3_14_Right_frame99.jpg,3,14_Right.mp4,99,3.96
3_14_Right_frame98.jpg,3,14_Right.mp4,98,3.92
3_14_Right_frame66.jpg,3,14_Right.mp4,66,2.64
3_14_Right_frame89.jpg,3,14_Right.mp4,89,3.56
3_14_Right_frame41.jpg,3,14_Right.mp4,41,1.64
3_14_Right_frame122.jpg,3,14_Right.mp4,122,4.88
3_14_Right_frame120.jpg,3,14_Right.mp4,120,4.80
3_14_Right_frame94.jpg,3,14_Right.mp4,94,3.76
3_14_Right_frame75.jpg,3,14_Right.mp4,75,3.00
3_14_Right_frame16.jpg,3,14_Right.mp4,16,0.64
3_15_Left_frame22.jpg,3,15_Left.mp4,22,0.88
3_15_Left_frame18.jpg,3,15_Left.mp4,18,0.72
3_15_Left_frame21.jpg,3,15_Left.mp4,21,0.84
3_15_Left_frame14.jpg,3,15_Left.mp4,14,0.56
3_15_Left_frame4.jpg,3,15_Left.mp4,4,0.16
3_15_Left_frame15.jpg,3,15_Left.mp4,15,0.60
3_15_Left_frame1.jpg,3,15_Left.mp4,1,0.04
3_15_Left_frame0.jpg,3,15_Left.mp4,0,0.00
3_15_Left_frame28.jpg,3,15_Left.mp4,28,1.12
3_15_Left_frame9.jpg,3,15_Left.mp4,9,0.36
3_16_Right_frame49.jpg,3,16_Right.mp4,49,1.96
3_16_Right_frame2.jpg,3,16_Right.mp4,2,0.08
3_16_Right_frame7.jpg,3,16_Right.mp4,7,0.28
3_16_Right_frame42.jpg,3,16_Right.mp4,42,1.68
3_16_Right_frame36.jpg,3,16_Right.mp4,36,1.44
3_16_Right_frame9.jpg,3,16_Right.mp4,9,0.36
3_16_Right_frame32.jpg,3,16_Right.mp4,32,1.28
3_16_Right_frame24.jpg,3,16_Right.mp4,24,0.96
3_16_Right_frame38.jpg,3,16_Right.mp4,38,1.52
3_16_Right_frame28.jpg,3,16_Right.mp4,28,1.12
3_17_Left_frame7.jpg,3,17_Left.mp4,7,0.28
3_17_Left_frame11.jpg,3,17_Left.mp4,11,0.44
3_17_Left_frame17.jpg,3,17_Left.mp4,17,0.68
3_17_Left_frame38.jpg,3,17_Left.mp4,38,1.52
3_17_Left_frame16.jpg,3,17_Left.mp4,16,0.64
3_17_Left_frame13.jpg,3,17_Left.mp4,13,0.52
3_17_Left_frame31.jpg,3,17_Left.mp4,31,1.24
3_17_Left_frame46.jpg,3,17_Left.mp4,46,1.84
3_17_Left_frame2.jpg,3,17_Left.mp4,2,0.08
3_17_Left_frame40.jpg,3,17_Left.mp4,40,1.60
3_18_Left_frame25.jpg,3,18_Left.mp4,25,1.00
3_18_Left_frame27.jpg,3,18_Left.mp4,27,1.08
3_18_Left_frame2.jpg,3,18_Left.mp4,2,0.08
3_18_Left_frame9.jpg,3,18_Left.mp4,9,0.36
3_18_Left_frame21.jpg,3,18_Left.mp4,21,0.84
3_18_Left_frame12.jpg,3,18_Left.mp4,12,0.48
3_18_Left_frame28.jpg,3,18_Left.mp4,28,1.12
3_18_Left_frame29.jpg,3,18_Left.mp4,29,1.16
3_18_Left_frame13.jpg,3,18_Left.mp4,13,0.52
3_18_Left_frame6.jpg,3,18_Left.mp4,6,0.24
3_19_Left_frame153.jpg,3,19_Left.mp4,153,6.12
3_19_Left_frame150.jpg,3,19_Left.mp4,150,6.00
3_19_Left_frame48.jpg,3,19_Left.mp4,48,1.92
3_19_Left_frame111.jpg,3,19_Left.mp4,111,4.44
3_19_Left_frame70.jpg,3,19_Left.mp4,70,2.80
3_19_Left_frame110.jpg,3,19_Left.mp4,110,4.40
3_19_Left_frame57.jpg,3,19_Left.mp4,57,2.28
3_19_Left_frame120.jpg,3,19_Left.mp4,120,4.80
3_19_Left_frame26.jpg,3,19_Left.mp4,26,1.04
3_19_Left_frame46.jpg,3,19_Left.mp4,46,1.84
3_1_Right_frame21.jpg,3,1_Right.mp4,21,0.84
3_1_Right_frame20.jpg,3,1_Right.mp4,20,0.80
3_1_Right_frame17.jpg,3,1_Right.mp4,17,0.68
3_1_Right_frame41.jpg,3,1_Right.mp4,41,1.64
3_1_Right_frame22.jpg,3,1_Right.mp4,22,0.88
3_1_Right_frame5.jpg,3,1_Right.mp4,5,0.20
3_1_Right_frame38.jpg,3,1_Right.mp4,38,1.52
3_1_Right_frame28.jpg,3,1_Right.mp4,28,1.12
3_1_Right_frame35.jpg,3,1_Right.mp4,35,1.40
3_1_Right_frame11.jpg,3,1_Right.mp4,11,0.44
3_20_Right_frame19.jpg,3,20_Right.mp4,19,0.76
3_20_Right_frame31.jpg,3,20_Right.mp4,31,1.24
3_20_Right_frame28.jpg,3,20_Right.mp4,28,1.12
3_20_Right_frame3.jpg,3,20_Right.mp4,3,0.12
3_20_Right_frame27.jpg,3,20_Right.mp4,27,1.08
3_20_Right_frame15.jpg,3,20_Right.mp4,15,0.60
3_20_Right_frame1.jpg,3,20_Right.mp4,1,0.04
3_20_Right_frame22.jpg,3,20_Right.mp4,22,0.88
3_20_Right_frame13.jpg,3,20_Right.mp4,13,0.52
3_20_Right_frame21.jpg,3,20_Right.mp4,21,0.84
3_21_Left_frame12.jpg,3,21_Left.mp4,12,0.48
3_21_Left_frame26.jpg,3,21_Left.mp4,26,1.04
3_21_Left_frame20.jpg,3,21_Left.mp4,20,0.80
3_21_Left_frame49.jpg,3,21_Left.mp4,49,1.96
3_21_Left_frame15.jpg,3,21_Left.mp4,15,0.60
3_21_Left_frame29.jpg,3,21_Left.mp4,29,1.16
3_21_Left_frame6.jpg,3,21_Left.mp4,6,0.24
3_21_Left_frame23.jpg,3,21_Left.mp4,23,0.92
3_21_Left_frame2.jpg,3,21_Left.mp4,2,0.08
3_21_Left_frame16.jpg,3,21_Left.mp4,16,0.64
3_22_Left_frame14.jpg,3,22_Left.mp4,14,0.56
3_22_Left_frame26.jpg,3,22_Left.mp4,26,1.04
3_22_Left_frame0.jpg,3,22_Left.mp4,0,0.00
3_22_Left_frame10.jpg,3,22_Left.mp4,10,0.40
3_22_Left_frame23.jpg,3,22_Left.mp4,23,0.92
3_22_Left_frame21.jpg,3,22_Left.mp4,21,0.84
3_22_Left_frame6.jpg,3,22_Left.mp4,6,0.24
3_22_Left_frame11.jpg,3,22_Left.mp4,11,0.44
3_22_Left_frame2.jpg,3,22_Left.mp4,2,0.08
3_22_Left_frame20.jpg,3,22_Left.mp4,20,0.80
3_23_Right_frame27.jpg,3,23_Right.mp4,27,1.08
3_23_Right_frame26.jpg,3,23_Right.mp4,26,1.04
3_23_Right_frame24.jpg,3,23_Right.mp4,24,0.96
3_23_Right_frame18.jpg,3,23_Right.mp4,18,0.72
3_23_Right_frame30.jpg,3,23_Right.mp4,30,1.20
3_23_Right_frame21.jpg,3,23_Right.mp4,21,0.84
3_23_Right_frame20.jpg,3,23_Right.mp4,20,0.80
3_23_Right_frame31.jpg,3,23_Right.mp4,31,1.24
3_23_Right_frame6.jpg,3,23_Right.mp4,6,0.24
3_23_Right_frame36.jpg,3,23_Right.mp4,36,1.44
3_24_Right_frame38.jpg,3,24_Right.mp4,38,1.52
3_24_Right_frame1.jpg,3,24_Right.mp4,1,0.04
3_24_Right_frame9.jpg,3,24_Right.mp4,9,0.36
3_24_Right_frame35.jpg,3,24_Right.mp4,35,1.40
3_24_Right_frame49.jpg,3,24_Right.mp4,49,1.96
3_24_Right_frame15.jpg,3,24_Right.mp4,15,0.60
3_24_Right_frame26.jpg,3,24_Right.mp4,26,1.04
3_24_Right_frame39.jpg,3,24_Right.mp4,39,1.56
3_24_Right_frame47.jpg,3,24_Right.mp4,47,1.88
3_24_Right_frame11.jpg,3,24_Right.mp4,11,0.44
3_25_Left_frame34.jpg,3,25_Left.mp4,34,1.36
3_25_Left_frame19.jpg,3,25_Left.mp4,19,0.76
3_25_Left_frame25.jpg,3,25_Left.mp4,25,1.00
3_25_Left_frame28.jpg,3,25_Left.mp4,28,1.12
3_25_Left_frame39.jpg,3,25_Left.mp4,39,1.56
3_25_Left_frame21.jpg,3,25_Left.mp4,21,0.84
3_25_Left_frame24.jpg,3,25_Left.mp4,24,0.96
3_25_Left_frame8.jpg,3,25_Left.mp4,8,0.32
3_25_Left_frame32.jpg,3,25_Left.mp4,32,1.28
3_25_Left_frame37.jpg,3,25_Left.mp4,37,1.48
3_26_Right_frame9.jpg,3,26_Right.mp4,9,0.36
3_26_Right_frame8.jpg,3,26_Right.mp4,8,0.32
3_26_Right_frame7.jpg,3,26_Right.mp4,7,0.28
3_26_Right_frame4.jpg,3,26_Right.mp4,4,0.16
3_26_Right_frame6.jpg,3,26_Right.mp4,6,0.24
3_26_Right_frame3.jpg,3,26_Right.mp4,3,0.12
3_26_Right_frame2.jpg,3,26_Right.mp4,2,0.08
3_26_Right_frame21.jpg,3,26_Right.mp4,21,0.84
3_26_Right_frame19.jpg,3,26_Right.mp4,19,0.76
3_26_Right_frame14.jpg,3,26_Right.mp4,14,0.56
3_27_Left_frame9.jpg,3,27_Left.mp4,9,0.36
3_27_Left_frame41.jpg,3,27_Left.mp4,41,1.64
3_27_Left_frame30.jpg,3,27_Left.mp4,30,1.20
3_27_Left_frame28.jpg,3,27_Left.mp4,28,1.12
3_27_Left_frame6.jpg,3,27_Left.mp4,6,0.24
3_27_Left_frame27.jpg,3,27_Left.mp4,27,1.08
3_27_Left_frame36.jpg,3,27_Left.mp4,36,1.44
3_27_Left_frame15.jpg,3,27_Left.mp4,15,0.60
3_27_Left_frame47.jpg,3,27_Left.mp4,47,1.88
3_27_Left_frame24.jpg,3,27_Left.mp4,24,0.96
3_2_Right_frame36.jpg,3,2_Right.mp4,36,1.44
3_2_Right_frame132.jpg,3,2_Right.mp4,132,5.28
3_2_Right_frame93.jpg,3,2_Right.mp4,93,3.72
3_2_Right_frame171.jpg,3,2_Right.mp4,171,6.84
3_2_Right_frame71.jpg,3,2_Right.mp4,71,2.84
3_2_Right_frame18.jpg,3,2_Right.mp4,18,0.72
3_2_Right_frame191.jpg,3,2_Right.mp4,191,7.64
3_2_Right_frame89.jpg,3,2_Right.mp4,89,3.56
3_2_Right_frame99.jpg,3,2_Right.mp4,99,3.96
3_2_Right_frame219.jpg,3,2_Right.mp4,219,8.76
3_3_Left_frame44.jpg,3,3_Left.mp4,44,1.76
3_3_Left_frame29.jpg,3,3_Left.mp4,29,1.16
3_3_Left_frame42.jpg,3,3_Left.mp4,42,1.68
3_3_Left_frame52.jpg,3,3_Left.mp4,52,2.08
3_3_Left_frame30.jpg,3,3_Left.mp4,30,1.20
3_3_Left_frame25.jpg,3,3_Left.mp4,25,1.00
3_3_Left_frame0.jpg,3,3_Left.mp4,0,0.00
3_3_Left_frame51.jpg,3,3_Left.mp4,51,2.04
3_3_Left_frame2.jpg,3,3_Left.mp4,2,0.08
3_3_Left_frame27.jpg,3,3_Left.mp4,27,1.08
3_4_Right_frame24.jpg,3,4_Right.mp4,24,0.96
3_4_Right_frame27.jpg,3,4_Right.mp4,27,1.08
3_4_Right_frame16.jpg,3,4_Right.mp4,16,0.64
3_4_Right_frame19.jpg,3,4_Right.mp4,19,0.76
3_4_Right_frame12.jpg,3,4_Right.mp4,12,0.48
3_4_Right_frame5.jpg,3,4_Right.mp4,5,0.20
3_4_Right_frame39.jpg,3,4_Right.mp4,39,1.56
3_4_Right_frame29.jpg,3,4_Right.mp4,29,1.16
3_4_Right_frame26.jpg,3,4_Right.mp4,26,1.04
3_4_Right_frame22.jpg,3,4_Right.mp4,22,0.88
3_5_Right_frame28.jpg,3,5_Right.mp4,28,1.12
3_5_Right_frame1.jpg,3,5_Right.mp4,1,0.04
3_5_Right_frame12.jpg,3,5_Right.mp4,12,0.48
3_5_Right_frame4.jpg,3,5_Right.mp4,4,0.16
3_5_Right_frame32.jpg,3,5_Right.mp4,32,1.28
3_5_Right_frame25.jpg,3,5_Right.mp4,25,1.00
3_5_Right_frame16.jpg,3,5_Right.mp4,16,0.64
3_5_Right_frame35.jpg,3,5_Right.mp4,35,1.40
3_5_Right_frame2.jpg,3,5_Right.mp4,2,0.08
3_5_Right_frame30.jpg,3,5_Right.mp4,30,1.20
3_6_Left_frame0.jpg,3,6_Left.mp4,0,0.00
3_6_Left_frame11.jpg,3,6_Left.mp4,11,0.44
3_6_Left_frame10.jpg,3,6_Left.mp4,10,0.40
3_6_Left_frame31.jpg,3,6_Left.mp4,31,1.24
3_6_Left_frame24.jpg,3,6_Left.mp4,24,0.96
3_6_Left_frame7.jpg,3,6_Left.mp4,7,0.28
3_6_Left_frame4.jpg,3,6_Left.mp4,4,0.16
3_6_Left_frame22.jpg,3,6_Left.mp4,22,0.88
3_6_Left_frame20.jpg,3,6_Left.mp4,20,0.80
3_6_Left_frame19.jpg,3,6_Left.mp4,19,0.76
3_7_Left_frame118.jpg,3,7_Left.mp4,118,4.72
3_7_Left_frame53.jpg,3,7_Left.mp4,53,2.12
3_7_Left_frame33.jpg,3,7_Left.mp4,33,1.32
3_7_Left_frame2.jpg,3,7_Left.mp4,2,0.08
3_7_Left_frame24.jpg,3,7_Left.mp4,24,0.96
3_7_Left_frame8.jpg,3,7_Left.mp4,8,0.32
3_7_Left_frame10.jpg,3,7_Left.mp4,10,0.40
3_7_Left_frame67.jpg,3,7_Left.mp4,67,2.68
3_7_Left_frame91.jpg,3,7_Left.mp4,91,3.64
3_7_Left_frame69.jpg,3,7_Left.mp4,69,2.76
3_8_Right_frame28.jpg,3,8_Right.mp4,28,1.12
3_8_Right_frame11.jpg,3,8_Right.mp4,11,0.44
3_8_Right_frame19.jpg,3,8_Right.mp4,19,0.76
3_8_Right_frame25.jpg,3,8_Right.mp4,25,1.00
3_8_Right_frame6.jpg,3,8_Right.mp4,6,0.24
3_8_Right_frame12.jpg,3,8_Right.mp4,12,0.48
3_8_Right_frame17.jpg,3,8_Right.mp4,17,0.68
3_8_Right_frame7.jpg,3,8_Right.mp4,7,0.28
3_8_Right_frame20.jpg,3,8_Right.mp4,20,0.80
3_8_Right_frame18.jpg,3,8_Right.mp4,18,0.72
3_9_Left_frame86.jpg,3,9_Left.mp4,86,3.44
3_9_Left_frame106.jpg,3,9_Left.mp4,106,4.24
3_9_Left_frame187.jpg,3,9_Left.mp4,187,7.48
3_9_Left_frame122.jpg,3,9_Left.mp4,122,4.88
3_9_Left_frame66.jpg,3,9_Left.mp4,66,2.64
3_9_Left_frame37.jpg,3,9_Left.mp4,37,1.48
3_9_Left_frame142.jpg,3,9_Left.mp4,142,5.68
3_9_Left_frame91.jpg,3,9_Left.mp4,91,3.64
3_9_Left_frame28.jpg,3,9_Left.mp4,28,1.12
3_9_Left_frame53.jpg,3,9_Left.mp4,53,2.12
4_10_Right_frame50.jpg,4,10_Right.mp4,50,2.00
4_10_Right_frame182.jpg,4,10_Right.mp4,182,7.28
4_10_Right_frame125.jpg,4,10_Right.mp4,125,5.00
4_10_Right_frame240.jpg,4,10_Right.mp4,240,9.60
4_10_Right_frame2.jpg,4,10_Right.mp4,2,0.08
4_10_Right_frame13.jpg,4,10_Right.mp4,13,0.52
4_10_Right_frame20.jpg,4,10_Right.mp4,20,0.80
4_10_Right_frame109.jpg,4,10_Right.mp4,109,4.36
4_10_Right_frame29.jpg,4,10_Right.mp4,29,1.16
4_10_Right_frame41.jpg,4,10_Right.mp4,41,1.64
4_11_Right_frame5.jpg,4,11_Right.mp4,5,0.20
4_11_Right_frame22.jpg,4,11_Right.mp4,22,0.88
4_11_Right_frame18.jpg,4,11_Right.mp4,18,0.72
4_11_Right_frame11.jpg,4,11_Right.mp4,11,0.44
4_11_Right_frame16.jpg,4,11_Right.mp4,16,0.64
4_11_Right_frame1.jpg,4,11_Right.mp4,1,0.04
4_11_Right_frame3.jpg,4,11_Right.mp4,3,0.12
4_11_Right_frame19.jpg,4,11_Right.mp4,19,0.76
4_11_Right_frame0.jpg,4,11_Right.mp4,0,0.00
4_11_Right_frame12.jpg,4,11_Right.mp4,12,0.48
4_12_Left_frame0.jpg,4,12_Left.mp4,0,0.00
4_12_Left_frame20.jpg,4,12_Left.mp4,20,0.80
4_12_Left_frame56.jpg,4,12_Left.mp4,56,2.24
4_12_Left_frame44.jpg,4,12_Left.mp4,44,1.76
4_12_Left_frame2.jpg,4,12_Left.mp4,2,0.08
4_12_Left_frame57.jpg,4,12_Left.mp4,57,2.28
4_12_Left_frame52.jpg,4,12_Left.mp4,52,2.08
4_12_Left_frame6.jpg,4,12_Left.mp4,6,0.24
4_12_Left_frame4.jpg,4,12_Left.mp4,4,0.16
4_12_Left_frame19.jpg,4,12_Left.mp4,19,0.76
4_13_Left_frame4.jpg,4,13_Left.mp4,4,0.16
4_13_Left_frame23.jpg,4,13_Left.mp4,23,0.92
4_13_Left_frame18.jpg,4,13_Left.mp4,18,0.72
4_13_Left_frame12.jpg,4,13_Left.mp4,12,0.48
4_13_Left_frame20.jpg,4,13_Left.mp4,20,0.80
4_13_Left_frame17.jpg,4,13_Left.mp4,17,0.68
4_13_Left_frame14.jpg,4,13_Left.mp4,14,0.56
4_13_Left_frame3.jpg,4,13_Left.mp4,3,0.12
4_13_Left_frame21.jpg,4,13_Left.mp4,21,0.84
4_13_Left_frame2.jpg,4,13_Left.mp4,2,0.08
4_14_Right_frame15.jpg,4,14_Right.mp4,15,0.60
4_14_Right_frame22.jpg,4,14_Right.mp4,22,0.88
4_14_Right_frame9.jpg,4,14_Right.mp4,9,0.36
4_14_Right_frame29.jpg,4,14_Right.mp4,29,1.16
4_14_Right_frame3.jpg,4,14_Right.mp4,3,0.12
4_14_Right_frame43.jpg,4,14_Right.mp4,43,1.72
4_14_Right_frame16.jpg,4,14_Right.mp4,16,0.64
4_14_Right_frame25.jpg,4,14_Right.mp4,25,1.00
4_14_Right_frame11.jpg,4,14_Right.mp4,11,0.44
4_14_Right_frame7.jpg,4,14_Right.mp4,7,0.28
4_15_Right_frame14.jpg,4,15_Right.mp4,14,0.56
4_15_Right_frame17.jpg,4,15_Right.mp4,17,0.68
4_15_Right_frame9.jpg,4,15_Right.mp4,9,0.36
4_15_Right_frame11.jpg,4,15_Right.mp4,11,0.44
4_15_Right_frame0.jpg,4,15_Right.mp4,0,0.00
4_15_Right_frame12.jpg,4,15_Right.mp4,12,0.48
4_15_Right_frame19.jpg,4,15_Right.mp4,19,0.76
4_15_Right_frame2.jpg,4,15_Right.mp4,2,0.08
4_15_Right_frame18.jpg,4,15_Right.mp4,18,0.72
4_15_Right_frame8.jpg,4,15_Right.mp4,8,0.32
4_16_Right_frame5.jpg,4,16_Right.mp4,5,0.20
4_16_Right_frame72.jpg,4,16_Right.mp4,72,2.88
4_16_Right_frame43.jpg,4,16_Right.mp4,43,1.72
4_16_Right_frame69.jpg,4,16_Right.mp4,69,2.76
4_16_Right_frame1.jpg,4,16_Right.mp4,1,0.04
4_16_Right_frame55.jpg,4,16_Right.mp4,55,2.20
4_16_Right_frame82.jpg,4,16_Right.mp4,82,3.28
4_16_Right_frame15.jpg,4,16_Right.mp4,15,0.60
4_16_Right_frame92.jpg,4,16_Right.mp4,92,3.68
4_16_Right_frame61.jpg,4,16_Right.mp4,61,2.44
4_17_Left_frame32.jpg,4,17_Left.mp4,32,1.28
4_17_Left_frame1.jpg,4,17_Left.mp4,1,0.04
4_17_Left_frame9.jpg,4,17_Left.mp4,9,0.36
4_17_Left_frame14.jpg,4,17_Left.mp4,14,0.56
4_17_Left_frame27.jpg,4,17_Left.mp4,27,1.08
4_17_Left_frame0.jpg,4,17_Left.mp4,0,0.00
4_17_Left_frame10.jpg,4,17_Left.mp4,10,0.40
4_17_Left_frame5.jpg,4,17_Left.mp4,5,0.20
4_17_Left_frame4.jpg,4,17_Left.mp4,4,0.16
4_17_Left_frame19.jpg,4,17_Left.mp4,19,0.76
4_18_Left_frame0.jpg,4,18_Left.mp4,0,0.00
4_18_Left_frame7.jpg,4,18_Left.mp4,7,0.28
4_18_Left_frame8.jpg,4,18_Left.mp4,8,0.32
4_18_Left_frame5.jpg,4,18_Left.mp4,5,0.20
4_18_Left_frame2.jpg,4,18_Left.mp4,2,0.08
4_18_Left_frame21.jpg,4,18_Left.mp4,21,0.84
4_18_Left_frame11.jpg,4,18_Left.mp4,11,0.44
4_18_Left_frame3.jpg,4,18_Left.mp4,3,0.12
4_18_Left_frame24.jpg,4,18_Left.mp4,24,0.96
4_18_Left_frame25.jpg,4,18_Left.mp4,25,1.00
4_19_Left_frame9.jpg,4,19_Left.mp4,9,0.36
4_19_Left_frame18.jpg,4,19_Left.mp4,18,0.72
4_19_Left_frame7.jpg,4,19_Left.mp4,7,0.28
4_19_Left_frame21.jpg,4,19_Left.mp4,21,0.84
4_19_Left_frame5.jpg,4,19_Left.mp4,5,0.20
4_19_Left_frame8.jpg,4,19_Left.mp4,8,0.32
4_19_Left_frame22.jpg,4,19_Left.mp4,22,0.88
4_19_Left_frame23.jpg,4,19_Left.mp4,23,0.92
4_19_Left_frame10.jpg,4,19_Left.mp4,10,0.40
4_19_Left_frame26.jpg,4,19_Left.mp4,26,1.04
4_1_Right_frame10.jpg,4,1_Right.mp4,10,0.40
4_1_Right_frame9.jpg,4,1_Right.mp4,9,0.36
4_1_Right_frame2.jpg,4,1_Right.mp4,2,0.08
4_1_Right_frame18.jpg,4,1_Right.mp4,18,0.72
4_1_Right_frame13.jpg,4,1_Right.mp4,13,0.52
4_1_Right_frame3.jpg,4,1_Right.mp4,3,0.12
4_1_Right_frame20.jpg,4,1_Right.mp4,20,0.80
4_1_Right_frame1.jpg,4,1_Right.mp4,1,0.04
4_1_Right_frame0.jpg,4,1_Right.mp4,0,0.00
4_1_Right_frame16.jpg,4,1_Right.mp4,16,0.64
4_20_Left_frame14.jpg,4,20_Left.mp4,14,0.56
4_20_Left_frame15.jpg,4,20_Left.mp4,15,0.60
4_20_Left_frame6.jpg,4,20_Left.mp4,6,0.24
4_20_Left_frame25.jpg,4,20_Left.mp4,25,1.00
4_20_Left_frame16.jpg,4,20_Left.mp4,16,0.64
4_20_Left_frame5.jpg,4,20_Left.mp4,5,0.20
4_20_Left_frame21.jpg,4,20_Left.mp4,21,0.84
4_20_Left_frame26.jpg,4,20_Left.mp4,26,1.04
4_20_Left_frame18.jpg,4,20_Left.mp4,18,0.72
4_20_Left_frame1.jpg,4,20_Left.mp4,1,0.04
4_21_Left_frame14.jpg,4,21_Left.mp4,14,0.56
4_21_Left_frame21.jpg,4,21_Left.mp4,21,0.84
4_21_Left_frame5.jpg,4,21_Left.mp4,5,0.20
4_21_Left_frame10.jpg,4,21_Left.mp4,10,0.40
4_21_Left_frame2.jpg,4,21_Left.mp4,2,0.08
4_21_Left_frame12.jpg,4,21_Left.mp4,12,0.48
4_21_Left_frame6.jpg,4,21_Left.mp4,6,0.24
4_21_Left_frame19.jpg,4,21_Left.mp4,19,0.76
4_21_Left_frame24.jpg,4,21_Left.mp4,24,0.96
4_21_Left_frame22.jpg,4,21_Left.mp4,22,0.88
4_22_Right_frame9.jpg,4,22_Right.mp4,9,0.36
4_22_Right_frame5.jpg,4,22_Right.mp4,5,0.20
4_22_Right_frame19.jpg,4,22_Right.mp4,19,0.76
4_22_Right_frame10.jpg,4,22_Right.mp4,10,0.40
4_22_Right_frame20.jpg,4,22_Right.mp4,20,0.80
4_22_Right_frame4.jpg,4,22_Right.mp4,4,0.16
4_22_Right_frame11.jpg,4,22_Right.mp4,11,0.44
4_22_Right_frame0.jpg,4,22_Right.mp4,0,0.00
4_22_Right_frame6.jpg,4,22_Right.mp4,6,0.24
4_22_Right_frame2.jpg,4,22_Right.mp4,2,0.08
4_23_Right_frame67.jpg,4,23_Right.mp4,67,2.68
4_23_Right_frame16.jpg,4,23_Right.mp4,16,0.64
4_23_Right_frame10.jpg,4,23_Right.mp4,10,0.40
4_23_Right_frame50.jpg,4,23_Right.mp4,50,2.00
4_23_Right_frame62.jpg,4,23_Right.mp4,62,2.48
4_23_Right_frame63.jpg,4,23_Right.mp4,63,2.52
4_23_Right_frame41.jpg,4,23_Right.mp4,41,1.64
4_23_Right_frame13.jpg,4,23_Right.mp4,13,0.52
4_23_Right_frame65.jpg,4,23_Right.mp4,65,2.60
4_23_Right_frame82.jpg,4,23_Right.mp4,82,3.28
4_24_Right_frame1.jpg,4,24_Right.mp4,1,0.04
4_24_Right_frame7.jpg,4,24_Right.mp4,7,0.28
4_24_Right_frame4.jpg,4,24_Right.mp4,4,0.16
4_24_Right_frame6.jpg,4,24_Right.mp4,6,0.24
4_24_Right_frame11.jpg,4,24_Right.mp4,11,0.44
4_24_Right_frame13.jpg,4,24_Right.mp4,13,0.52
4_24_Right_frame15.jpg,4,24_Right.mp4,15,0.60
4_24_Right_frame9.jpg,4,24_Right.mp4,9,0.36
4_24_Right_frame0.jpg,4,24_Right.mp4,0,0.00
4_24_Right_frame10.jpg,4,24_Right.mp4,10,0.40
4_25_Left_frame33.jpg,4,25_Left.mp4,33,1.32
4_25_Left_frame16.jpg,4,25_Left.mp4,16,0.64
4_25_Left_frame29.jpg,4,25_Left.mp4,29,1.16
4_25_Left_frame3.jpg,4,25_Left.mp4,3,0.12
4_25_Left_frame13.jpg,4,25_Left.mp4,13,0.52
4_25_Left_frame24.jpg,4,25_Left.mp4,24,0.96
4_25_Left_frame31.jpg,4,25_Left.mp4,31,1.24
4_25_Left_frame22.jpg,4,25_Left.mp4,22,0.88
4_25_Left_frame20.jpg,4,25_Left.mp4,20,0.80
4_25_Left_frame4.jpg,4,25_Left.mp4,4,0.16
4_26_Right_frame17.jpg,4,26_Right.mp4,17,0.68
4_26_Right_frame6.jpg,4,26_Right.mp4,6,0.24
4_26_Right_frame1.jpg,4,26_Right.mp4,1,0.04
4_26_Right_frame12.jpg,4,26_Right.mp4,12,0.48
4_26_Right_frame13.jpg,4,26_Right.mp4,13,0.52
4_26_Right_frame20.jpg,4,26_Right.mp4,20,0.80
4_26_Right_frame2.jpg,4,26_Right.mp4,2,0.08
4_26_Right_frame7.jpg,4,26_Right.mp4,7,0.28
4_26_Right_frame11.jpg,4,26_Right.mp4,11,0.44
4_26_Right_frame10.jpg,4,26_Right.mp4,10,0.40
4_27_Right_frame0.jpg,4,27_Right.mp4,0,0.00
4_27_Right_frame3.jpg,4,27_Right.mp4,3,0.12
4_27_Right_frame2.jpg,4,27_Right.mp4,2,0.08
4_27_Right_frame5.jpg,4,27_Right.mp4,5,0.20
4_27_Right_frame9.jpg,4,27_Right.mp4,9,0.36
4_27_Right_frame7.jpg,4,27_Right.mp4,7,0.28
4_27_Right_frame13.jpg,4,27_Right.mp4,13,0.52
4_27_Right_frame17.jpg,4,27_Right.mp4,17,0.68
4_27_Right_frame4.jpg,4,27_Right.mp4,4,0.16
4_27_Right_frame18.jpg,4,27_Right.mp4,18,0.72
4_28_Left_frame5.jpg,4,28_Left.mp4,5,0.20
4_28_Left_frame1.jpg,4,28_Left.mp4,1,0.04
4_28_Left_frame16.jpg,4,28_Left.mp4,16,0.64
4_28_Left_frame0.jpg,4,28_Left.mp4,0,0.00
4_28_Left_frame19.jpg,4,28_Left.mp4,19,0.76
4_28_Left_frame22.jpg,4,28_Left.mp4,22,0.88
4_28_Left_frame21.jpg,4,28_Left.mp4,21,0.84
4_28_Left_frame13.jpg,4,28_Left.mp4,13,0.52
4_28_Left_frame3.jpg,4,28_Left.mp4,3,0.12
4_28_Left_frame15.jpg,4,28_Left.mp4,15,0.60
4_2_Left_frame38.jpg,4,2_Left.mp4,38,1.52
4_2_Left_frame10.jpg,4,2_Left.mp4,10,0.40
4_2_Left_frame24.jpg,4,2_Left.mp4,24,0.96
4_2_Left_frame48.jpg,4,2_Left.mp4,48,1.92
4_2_Left_frame12.jpg,4,2_Left.mp4,12,0.48
4_2_Left_frame41.jpg,4,2_Left.mp4,41,1.64
4_2_Left_frame33.jpg,4,2_Left.mp4,33,1.32
4_2_Left_frame43.jpg,4,2_Left.mp4,43,1.72
4_2_Left_frame54.jpg,4,2_Left.mp4,54,2.16
4_2_Left_frame9.jpg,4,2_Left.mp4,9,0.36
4_3_Left_frame11.jpg,4,3_Left.mp4,11,0.44
4_3_Left_frame4.jpg,4,3_Left.mp4,4,0.16
4_3_Left_frame5.jpg,4,3_Left.mp4,5,0.20
4_3_Left_frame20.jpg,4,3_Left.mp4,20,0.80
4_3_Left_frame1.jpg,4,3_Left.mp4,1,0.04
4_3_Left_frame23.jpg,4,3_Left.mp4,23,0.92
4_3_Left_frame7.jpg,4,3_Left.mp4,7,0.28
4_3_Left_frame22.jpg,4,3_Left.mp4,22,0.88
4_3_Left_frame10.jpg,4,3_Left.mp4,10,0.40
4_3_Left_frame14.jpg,4,3_Left.mp4,14,0.56
4_4_Right_frame44.jpg,4,4_Right.mp4,44,1.76
4_4_Right_frame7.jpg,4,4_Right.mp4,7,0.28
4_4_Right_frame37.jpg,4,4_Right.mp4,37,1.48
4_4_Right_frame47.jpg,4,4_Right.mp4,47,1.88
4_4_Right_frame14.jpg,4,4_Right.mp4,14,0.56
4_4_Right_frame31.jpg,4,4_Right.mp4,31,1.24
4_4_Right_frame26.jpg,4,4_Right.mp4,26,1.04
4_4_Right_frame49.jpg,4,4_Right.mp4,49,1.96
4_4_Right_frame3.jpg,4,4_Right.mp4,3,0.12
4_4_Right_frame21.jpg,4,4_Right.mp4,21,0.84
4_5_Left_frame1.jpg,4,5_Left.mp4,1,0.04
4_5_Left_frame2.jpg,4,5_Left.mp4,2,0.08
4_5_Left_frame7.jpg,4,5_Left.mp4,7,0.28
4_5_Left_frame17.jpg,4,5_Left.mp4,17,0.68
4_5_Left_frame21.jpg,4,5_Left.mp4,21,0.84
4_5_Left_frame12.jpg,4,5_Left.mp4,12,0.48
4_5_Left_frame20.jpg,4,5_Left.mp4,20,0.80
4_5_Left_frame22.jpg,4,5_Left.mp4,22,0.88
4_5_Left_frame10.jpg,4,5_Left.mp4,10,0.40
4_5_Left_frame23.jpg,4,5_Left.mp4,23,0.92
4_6_Left_frame43.jpg,4,6_Left.mp4,43,1.72
4_6_Left_frame45.jpg,4,6_Left.mp4,45,1.80
4_6_Left_frame37.jpg,4,6_Left.mp4,37,1.48
4_6_Left_frame63.jpg,4,6_Left.mp4,63,2.52
4_6_Left_frame76.jpg,4,6_Left.mp4,76,3.04
4_6_Left_frame42.jpg,4,6_Left.mp4,42,1.68
4_6_Left_frame118.jpg,4,6_Left.mp4,118,4.72
4_6_Left_frame96.jpg,4,6_Left.mp4,96,3.84
4_6_Left_frame40.jpg,4,6_Left.mp4,40,1.60
4_6_Left_frame117.jpg,4,6_Left.mp4,117,4.68
4_7_Right_frame8.jpg,4,7_Right.mp4,8,0.32
4_7_Right_frame11.jpg,4,7_Right.mp4,11,0.44
4_7_Right_frame88.jpg,4,7_Right.mp4,88,3.52
4_7_Right_frame34.jpg,4,7_Right.mp4,34,1.36
4_7_Right_frame3.jpg,4,7_Right.mp4,3,0.12
4_7_Right_frame45.jpg,4,7_Right.mp4,45,1.80
4_7_Right_frame54.jpg,4,7_Right.mp4,54,2.16
4_7_Right_frame12.jpg,4,7_Right.mp4,12,0.48
4_7_Right_frame72.jpg,4,7_Right.mp4,72,2.88
4_7_Right_frame21.jpg,4,7_Right.mp4,21,0.84
4_8_Left_frame34.jpg,4,8_Left.mp4,34,1.36
4_8_Left_frame49.jpg,4,8_Left.mp4,49,1.96
4_8_Left_frame7.jpg,4,8_Left.mp4,7,0.28
4_8_Left_frame36.jpg,4,8_Left.mp4,36,1.44
4_8_Left_frame120.jpg,4,8_Left.mp4,120,4.80
4_8_Left_frame0.jpg,4,8_Left.mp4,0,0.00
4_8_Left_frame128.jpg,4,8_Left.mp4,128,5.12
4_8_Left_frame13.jpg,4,8_Left.mp4,13,0.52
4_8_Left_frame84.jpg,4,8_Left.mp4,84,3.36
4_8_Left_frame15.jpg,4,8_Left.mp4,15,0.60
4_9_Left_frame27.jpg,4,9_Left.mp4,27,1.08
4_9_Left_frame8.jpg,4,9_Left.mp4,8,0.32
4_9_Left_frame25.jpg,4,9_Left.mp4,25,1.00
4_9_Left_frame33.jpg,4,9_Left.mp4,33,1.32
4_9_Left_frame16.jpg,4,9_Left.mp4,16,0.64
4_9_Left_frame4.jpg,4,9_Left.mp4,4,0.16
4_9_Left_frame30.jpg,4,9_Left.mp4,30,1.20
4_9_Left_frame3.jpg,4,9_Left.mp4,3,0.12
4_9_Left_frame19.jpg,4,9_Left.mp4,19,0.76
4_9_Left_frame24.jpg,4,9_Left.mp4,24,0.96
5_10_Left_frame16.jpg,5,10_Left.mp4,16,0.64
5_10_Left_frame23.jpg,5,10_Left.mp4,23,0.92
5_10_Left_frame17.jpg,5,10_Left.mp4,17,0.68
5_10_Left_frame5.jpg,5,10_Left.mp4,5,0.20
5_10_Left_frame14.jpg,5,10_Left.mp4,14,0.56
5_10_Left_frame26.jpg,5,10_Left.mp4,26,1.04
5_10_Left_frame24.jpg,5,10_Left.mp4,24,0.96
5_10_Left_frame9.jpg,5,10_Left.mp4,9,0.36
5_10_Left_frame22.jpg,5,10_Left.mp4,22,0.88
5_10_Left_frame3.jpg,5,10_Left.mp4,3,0.12
5_11_Right_frame21.jpg,5,11_Right.mp4,21,0.84
5_11_Right_frame5.jpg,5,11_Right.mp4,5,0.20
5_11_Right_frame20.jpg,5,11_Right.mp4,20,0.80
5_11_Right_frame18.jpg,5,11_Right.mp4,18,0.72
5_11_Right_frame12.jpg,5,11_Right.mp4,12,0.48
5_11_Right_frame15.jpg,5,11_Right.mp4,15,0.60
5_11_Right_frame11.jpg,5,11_Right.mp4,11,0.44
5_11_Right_frame1.jpg,5,11_Right.mp4,1,0.04
5_11_Right_frame17.jpg,5,11_Right.mp4,17,0.68
5_11_Right_frame16.jpg,5,11_Right.mp4,16,0.64
5_12_Right_frame25.jpg,5,12_Right.mp4,25,1.00
5_12_Right_frame77.jpg,5,12_Right.mp4,77,3.08
5_12_Right_frame18.jpg,5,12_Right.mp4,18,0.72
5_12_Right_frame44.jpg,5,12_Right.mp4,44,1.76
5_12_Right_frame113.jpg,5,12_Right.mp4,113,4.52
5_12_Right_frame62.jpg,5,12_Right.mp4,62,2.48
5_12_Right_frame105.jpg,5,12_Right.mp4,105,4.20
5_12_Right_frame15.jpg,5,12_Right.mp4,15,0.60
5_12_Right_frame123.jpg,5,12_Right.mp4,123,4.92
5_12_Right_frame119.jpg,5,12_Right.mp4,119,4.76
5_13_Left_frame1.jpg,5,13_Left.mp4,1,0.04
5_13_Left_frame5.jpg,5,13_Left.mp4,5,0.20
5_13_Left_frame27.jpg,5,13_Left.mp4,27,1.08
5_13_Left_frame23.jpg,5,13_Left.mp4,23,0.92
5_13_Left_frame37.jpg,5,13_Left.mp4,37,1.48
5_13_Left_frame44.jpg,5,13_Left.mp4,44,1.76
5_13_Left_frame12.jpg,5,13_Left.mp4,12,0.48
5_13_Left_frame25.jpg,5,13_Left.mp4,25,1.00
5_13_Left_frame15.jpg,5,13_Left.mp4,15,0.60
5_13_Left_frame31.jpg,5,13_Left.mp4,31,1.24
5_14_Right_frame24.jpg,5,14_Right.mp4,24,0.96
5_14_Right_frame17.jpg,5,14_Right.mp4,17,0.68
5_14_Right_frame29.jpg,5,14_Right.mp4,29,1.16
5_14_Right_frame27.jpg,5,14_Right.mp4,27,1.08
5_14_Right_frame15.jpg,5,14_Right.mp4,15,0.60
5_14_Right_frame9.jpg,5,14_Right.mp4,9,0.36
5_14_Right_frame5.jpg,5,14_Right.mp4,5,0.20
5_14_Right_frame0.jpg,5,14_Right.mp4,0,0.00
5_14_Right_frame30.jpg,5,14_Right.mp4,30,1.20
5_14_Right_frame16.jpg,5,14_Right.mp4,16,0.64
5_15_Left_frame6.jpg,5,15_Left.mp4,6,0.24
5_15_Left_frame3.jpg,5,15_Left.mp4,3,0.12
5_15_Left_frame16.jpg,5,15_Left.mp4,16,0.64
5_15_Left_frame13.jpg,5,15_Left.mp4,13,0.52
5_15_Left_frame27.jpg,5,15_Left.mp4,27,1.08
5_15_Left_frame15.jpg,5,15_Left.mp4,15,0.60
5_15_Left_frame29.jpg,5,15_Left.mp4,29,1.16
5_15_Left_frame32.jpg,5,15_Left.mp4,32,1.28
5_15_Left_frame26.jpg,5,15_Left.mp4,26,1.04
5_15_Left_frame1.jpg,5,15_Left.mp4,1,0.04
5_16_Right_frame55.jpg,5,16_Right.mp4,55,2.20
5_16_Right_frame74.jpg,5,16_Right.mp4,74,2.96
5_16_Right_frame13.jpg,5,16_Right.mp4,13,0.52
5_16_Right_frame40.jpg,5,16_Right.mp4,40,1.60
5_16_Right_frame68.jpg,5,16_Right.mp4,68,2.72
5_16_Right_frame15.jpg,5,16_Right.mp4,15,0.60
5_16_Right_frame47.jpg,5,16_Right.mp4,47,1.88
5_16_Right_frame37.jpg,5,16_Right.mp4,37,1.48
5_16_Right_frame136.jpg,5,16_Right.mp4,136,5.44
5_16_Right_frame51.jpg,5,16_Right.mp4,51,2.04
5_17_Right_frame4.jpg,5,17_Right.mp4,4,0.16
5_17_Right_frame48.jpg,5,17_Right.mp4,48,1.92
5_17_Right_frame8.jpg,5,17_Right.mp4,8,0.32
5_17_Right_frame35.jpg,5,17_Right.mp4,35,1.40
5_17_Right_frame27.jpg,5,17_Right.mp4,27,1.08
5_17_Right_frame33.jpg,5,17_Right.mp4,33,1.32
5_17_Right_frame45.jpg,5,17_Right.mp4,45,1.80
5_17_Right_frame47.jpg,5,17_Right.mp4,47,1.88
5_17_Right_frame25.jpg,5,17_Right.mp4,25,1.00
5_17_Right_frame26.jpg,5,17_Right.mp4,26,1.04
5_18_Left_frame41.jpg,5,18_Left.mp4,41,1.64
5_18_Left_frame55.jpg,5,18_Left.mp4,55,2.20
5_18_Left_frame69.jpg,5,18_Left.mp4,69,2.76
5_18_Left_frame84.jpg,5,18_Left.mp4,84,3.36
5_18_Left_frame72.jpg,5,18_Left.mp4,72,2.88
5_18_Left_frame71.jpg,5,18_Left.mp4,71,2.84
5_18_Left_frame58.jpg,5,18_Left.mp4,58,2.32
5_18_Left_frame33.jpg,5,18_Left.mp4,33,1.32
5_18_Left_frame77.jpg,5,18_Left.mp4,77,3.08
5_18_Left_frame73.jpg,5,18_Left.mp4,73,2.92
5_19_Right_frame21.jpg,5,19_Right.mp4,21,0.84
5_19_Right_frame5.jpg,5,19_Right.mp4,5,0.20
5_19_Right_frame1.jpg,5,19_Right.mp4,1,0.04
5_19_Right_frame15.jpg,5,19_Right.mp4,15,0.60
5_19_Right_frame12.jpg,5,19_Right.mp4,12,0.48
5_19_Right_frame3.jpg,5,19_Right.mp4,3,0.12
5_19_Right_frame29.jpg,5,19_Right.mp4,29,1.16
5_19_Right_frame22.jpg,5,19_Right.mp4,22,0.88
5_19_Right_frame14.jpg,5,19_Right.mp4,14,0.56
5_19_Right_frame11.jpg,5,19_Right.mp4,11,0.44
5_1_Left_frame27.jpg,5,1_Left.mp4,27,1.08
5_1_Left_frame3.jpg,5,1_Left.mp4,3,0.12
5_1_Left_frame13.jpg,5,1_Left.mp4,13,0.52
5_1_Left_frame17.jpg,5,1_Left.mp4,17,0.68
5_1_Left_frame23.jpg,5,1_Left.mp4,23,0.92
5_1_Left_frame5.jpg,5,1_Left.mp4,5,0.20
5_1_Left_frame26.jpg,5,1_Left.mp4,26,1.04
5_1_Left_frame22.jpg,5,1_Left.mp4,22,0.88
5_1_Left_frame14.jpg,5,1_Left.mp4,14,0.56
5_1_Left_frame11.jpg,5,1_Left.mp4,11,0.44
5_20_Left_frame19.jpg,5,20_Left.mp4,19,0.76
5_20_Left_frame12.jpg,5,20_Left.mp4,12,0.48
5_20_Left_frame15.jpg,5,20_Left.mp4,15,0.60
5_20_Left_frame16.jpg,5,20_Left.mp4,16,0.64
5_20_Left_frame20.jpg,5,20_Left.mp4,20,0.80
5_20_Left_frame10.jpg,5,20_Left.mp4,10,0.40
5_20_Left_frame27.jpg,5,20_Left.mp4,27,1.08
5_20_Left_frame5.jpg,5,20_Left.mp4,5,0.20
5_20_Left_frame7.jpg,5,20_Left.mp4,7,0.28
5_20_Left_frame11.jpg,5,20_Left.mp4,11,0.44
5_21_Left_frame19.jpg,5,21_Left.mp4,19,0.76
5_21_Left_frame18.jpg,5,21_Left.mp4,18,0.72
5_21_Left_frame6.jpg,5,21_Left.mp4,6,0.24
5_21_Left_frame21.jpg,5,21_Left.mp4,21,0.84
5_21_Left_frame30.jpg,5,21_Left.mp4,30,1.20
5_21_Left_frame0.jpg,5,21_Left.mp4,0,0.00
5_21_Left_frame26.jpg,5,21_Left.mp4,26,1.04
5_21_Left_frame25.jpg,5,21_Left.mp4,25,1.00
5_21_Left_frame23.jpg,5,21_Left.mp4,23,0.92
5_21_Left_frame28.jpg,5,21_Left.mp4,28,1.12
5_22_Right_frame63.jpg,5,22_Right.mp4,63,2.52
5_22_Right_frame93.jpg,5,22_Right.mp4,93,3.72
5_22_Right_frame41.jpg,5,22_Right.mp4,41,1.64
5_22_Right_frame23.jpg,5,22_Right.mp4,23,0.92
5_22_Right_frame16.jpg,5,22_Right.mp4,16,0.64
5_22_Right_frame10.jpg,5,22_Right.mp4,10,0.40
5_22_Right_frame80.jpg,5,22_Right.mp4,80,3.20
5_22_Right_frame3.jpg,5,22_Right.mp4,3,0.12
5_22_Right_frame15.jpg,5,22_Right.mp4,15,0.60
5_22_Right_frame52.jpg,5,22_Right.mp4,52,2.08
5_23_Right_frame31.jpg,5,23_Right.mp4,31,1.24
5_23_Right_frame12.jpg,5,23_Right.mp4,12,0.48
5_23_Right_frame28.jpg,5,23_Right.mp4,28,1.12
5_23_Right_frame22.jpg,5,23_Right.mp4,22,0.88
5_23_Right_frame33.jpg,5,23_Right.mp4,33,1.32
5_23_Right_frame13.jpg,5,23_Right.mp4,13,0.52
5_23_Right_frame16.jpg,5,23_Right.mp4,16,0.64
5_23_Right_frame21.jpg,5,23_Right.mp4,21,0.84
5_23_Right_frame15.jpg,5,23_Right.mp4,15,0.60
5_23_Right_frame34.jpg,5,23_Right.mp4,34,1.36
5_2_Right_frame6.jpg,5,2_Right.mp4,6,0.24
5_2_Right_frame14.jpg,5,2_Right.mp4,14,0.56
5_2_Right_frame10.jpg,5,2_Right.mp4,10,0.40
5_2_Right_frame20.jpg,5,2_Right.mp4,20,0.80
5_2_Right_frame2.jpg,5,2_Right.mp4,2,0.08
5_2_Right_frame30.jpg,5,2_Right.mp4,30,1.20
5_2_Right_frame34.jpg,5,2_Right.mp4,34,1.36
5_2_Right_frame16.jpg,5,2_Right.mp4,16,0.64
5_2_Right_frame27.jpg,5,2_Right.mp4,27,1.08
5_2_Right_frame13.jpg,5,2_Right.mp4,13,0.52
5_3_Left_frame14.jpg,5,3_Left.mp4,14,0.56
5_3_Left_frame47.jpg,5,3_Left.mp4,47,1.88
5_3_Left_frame49.jpg,5,3_Left.mp4,49,1.96
5_3_Left_frame62.jpg,5,3_Left.mp4,62,2.48
5_3_Left_frame22.jpg,5,3_Left.mp4,22,0.88
5_3_Left_frame18.jpg,5,3_Left.mp4,18,0.72
5_3_Left_frame60.jpg,5,3_Left.mp4,60,2.40
5_3_Left_frame61.jpg,5,3_Left.mp4,61,2.44
5_3_Left_frame17.jpg,5,3_Left.mp4,17,0.68
5_3_Left_frame11.jpg,5,3_Left.mp4,11,0.44
5_4_Right_frame15.jpg,5,4_Right.mp4,15,0.60
5_4_Right_frame13.jpg,5,4_Right.mp4,13,0.52
5_4_Right_frame0.jpg,5,4_Right.mp4,0,0.00
5_4_Right_frame29.jpg,5,4_Right.mp4,29,1.16
5_4_Right_frame14.jpg,5,4_Right.mp4,14,0.56
5_4_Right_frame9.jpg,5,4_Right.mp4,9,0.36
5_4_Right_frame19.jpg,5,4_Right.mp4,19,0.76
5_4_Right_frame28.jpg,5,4_Right.mp4,28,1.12
5_4_Right_frame27.jpg,5,4_Right.mp4,27,1.08
5_4_Right_frame1.jpg,5,4_Right.mp4,1,0.04
5_5_Right_frame19.jpg,5,5_Right.mp4,19,0.76
5_5_Right_frame6.jpg,5,5_Right.mp4,6,0.24
5_5_Right_frame11.jpg,5,5_Right.mp4,11,0.44
5_5_Right_frame22.jpg,5,5_Right.mp4,22,0.88
5_5_Right_frame8.jpg,5,5_Right.mp4,8,0.32
5_5_Right_frame16.jpg,5,5_Right.mp4,16,0.64
5_5_Right_frame4.jpg,5,5_Right.mp4,4,0.16
5_5_Right_frame5.jpg,5,5_Right.mp4,5,0.20
5_5_Right_frame9.jpg,5,5_Right.mp4,9,0.36
5_5_Right_frame32.jpg,5,5_Right.mp4,32,1.28
5_6_Right_frame15.jpg,5,6_Right.mp4,15,0.60
5_6_Right_frame34.jpg,5,6_Right.mp4,34,1.36
5_6_Right_frame19.jpg,5,6_Right.mp4,19,0.76
5_6_Right_frame37.jpg,5,6_Right.mp4,37,1.48
5_6_Right_frame24.jpg,5,6_Right.mp4,24,0.96
5_6_Right_frame21.jpg,5,6_Right.mp4,21,0.84
5_6_Right_frame25.jpg,5,6_Right.mp4,25,1.00
5_6_Right_frame29.jpg,5,6_Right.mp4,29,1.16
5_6_Right_frame38.jpg,5,6_Right.mp4,38,1.52
5_6_Right_frame33.jpg,5,6_Right.mp4,33,1.32
5_7_Right_frame7.jpg,5,7_Right.mp4,7,0.28
5_7_Right_frame12.jpg,5,7_Right.mp4,12,0.48
5_7_Right_frame4.jpg,5,7_Right.mp4,4,0.16
5_7_Right_frame25.jpg,5,7_Right.mp4,25,1.00
5_7_Right_frame21.jpg,5,7_Right.mp4,21,0.84
5_7_Right_frame27.jpg,5,7_Right.mp4,27,1.08
5_7_Right_frame14.jpg,5,7_Right.mp4,14,0.56
5_7_Right_frame18.jpg,5,7_Right.mp4,18,0.72
5_7_Right_frame23.jpg,5,7_Right.mp4,23,0.92
5_7_Right_frame11.jpg,5,7_Right.mp4,11,0.44
5_8_Right_frame2.jpg,5,8_Right.mp4,2,0.08
5_8_Right_frame6.jpg,5,8_Right.mp4,6,0.24
5_8_Right_frame26.jpg,5,8_Right.mp4,26,1.04
5_8_Right_frame23.jpg,5,8_Right.mp4,23,0.92
5_8_Right_frame18.jpg,5,8_Right.mp4,18,0.72
5_8_Right_frame15.jpg,5,8_Right.mp4,15,0.60
5_8_Right_frame17.jpg,5,8_Right.mp4,17,0.68
5_8_Right_frame33.jpg,5,8_Right.mp4,33,1.32
5_8_Right_frame1.jpg,5,8_Right.mp4,1,0.04
5_8_Right_frame3.jpg,5,8_Right.mp4,3,0.12
5_9_Right_frame18.jpg,5,9_Right.mp4,18,0.72
5_9_Right_frame11.jpg,5,9_Right.mp4,11,0.44
5_9_Right_frame36.jpg,5,9_Right.mp4,36,1.44
5_9_Right_frame5.jpg,5,9_Right.mp4,5,0.20
5_9_Right_frame8.jpg,5,9_Right.mp4,8,0.32
5_9_Right_frame6.jpg,5,9_Right.mp4,6,0.24
5_9_Right_frame45.jpg,5,9_Right.mp4,45,1.80
5_9_Right_frame4.jpg,5,9_Right.mp4,4,0.16
5_9_Right_frame32.jpg,5,9_Right.mp4,32,1.28
5_9_Right_frame40.jpg,5,9_Right.mp4,40,1.60
6_10_Right_frame99.jpg,6,10_Right.mp4,99,3.96
6_10_Right_frame143.jpg,6,10_Right.mp4,143,5.72
6_10_Right_frame85.jpg,6,10_Right.mp4,85,3.40
6_10_Right_frame160.jpg,6,10_Right.mp4,160,6.40
6_10_Right_frame113.jpg,6,10_Right.mp4,113,4.52
6_10_Right_frame82.jpg,6,10_Right.mp4,82,3.28
6_10_Right_frame103.jpg,6,10_Right.mp4,103,4.12
6_10_Right_frame48.jpg,6,10_Right.mp4,48,1.92
6_10_Right_frame97.jpg,6,10_Right.mp4,97,3.88
6_10_Right_frame157.jpg,6,10_Right.mp4,157,6.28
6_11_Left_frame10.jpg,6,11_Left.mp4,10,0.40
6_11_Left_frame25.jpg,6,11_Left.mp4,25,1.00
6_11_Left_frame18.jpg,6,11_Left.mp4,18,0.72
6_11_Left_frame9.jpg,6,11_Left.mp4,9,0.36
6_11_Left_frame13.jpg,6,11_Left.mp4,13,0.52
6_11_Left_frame5.jpg,6,11_Left.mp4,5,0.20
6_11_Left_frame24.jpg,6,11_Left.mp4,24,0.96
6_11_Left_frame2.jpg,6,11_Left.mp4,2,0.08
6_11_Left_frame27.jpg,6,11_Left.mp4,27,1.08
6_11_Left_frame19.jpg,6,11_Left.mp4,19,0.76
6_12_Right_frame32.jpg,6,12_Right.mp4,32,1.28
6_12_Right_frame9.jpg,6,12_Right.mp4,9,0.36
6_12_Right_frame31.jpg,6,12_Right.mp4,31,1.24
6_12_Right_frame8.jpg,6,12_Right.mp4,8,0.32
6_12_Right_frame33.jpg,6,12_Right.mp4,33,1.32
6_12_Right_frame5.jpg,6,12_Right.mp4,5,0.20
6_12_Right_frame42.jpg,6,12_Right.mp4,42,1.68
6_12_Right_frame26.jpg,6,12_Right.mp4,26,1.04
6_12_Right_frame37.jpg,6,12_Right.mp4,37,1.48
6_12_Right_frame19.jpg,6,12_Right.mp4,19,0.76
6_13_Right_frame5.jpg,6,13_Right.mp4,5,0.20
6_13_Right_frame70.jpg,6,13_Right.mp4,70,2.80
6_13_Right_frame96.jpg,6,13_Right.mp4,96,3.84
6_13_Right_frame64.jpg,6,13_Right.mp4,64,2.56
6_13_Right_frame82.jpg,6,13_Right.mp4,82,3.28
6_13_Right_frame81.jpg,6,13_Right.mp4,81,3.24
6_13_Right_frame43.jpg,6,13_Right.mp4,43,1.72
6_13_Right_frame18.jpg,6,13_Right.mp4,18,0.72
6_13_Right_frame74.jpg,6,13_Right.mp4,74,2.96
6_13_Right_frame69.jpg,6,13_Right.mp4,69,2.76
6_14_Right_frame26.jpg,6,14_Right.mp4,26,1.04
6_14_Right_frame41.jpg,6,14_Right.mp4,41,1.64
6_14_Right_frame9.jpg,6,14_Right.mp4,9,0.36
6_14_Right_frame29.jpg,6,14_Right.mp4,29,1.16
6_14_Right_frame27.jpg,6,14_Right.mp4,27,1.08
6_14_Right_frame30.jpg,6,14_Right.mp4,30,1.20
6_14_Right_frame7.jpg,6,14_Right.mp4,7,0.28
6_14_Right_frame10.jpg,6,14_Right.mp4,10,0.40
6_14_Right_frame28.jpg,6,14_Right.mp4,28,1.12
6_14_Right_frame18.jpg,6,14_Right.mp4,18,0.72
6_15_Right_frame0.jpg,6,15_Right.mp4,0,0.00
6_15_Right_frame4.jpg,6,15_Right.mp4,4,0.16
6_15_Right_frame15.jpg,6,15_Right.mp4,15,0.60
6_15_Right_frame16.jpg,6,15_Right.mp4,16,0.64
6_15_Right_frame5.jpg,6,15_Right.mp4,5,0.20
6_15_Right_frame2.jpg,6,15_Right.mp4,2,0.08
6_15_Right_frame30.jpg,6,15_Right.mp4,30,1.20
6_15_Right_frame44.jpg,6,15_Right.mp4,44,1.76
6_15_Right_frame18.jpg,6,15_Right.mp4,18,0.72
6_15_Right_frame3.jpg,6,15_Right.mp4,3,0.12
6_16_Left_frame15.jpg,6,16_Left.mp4,15,0.60
6_16_Left_frame8.jpg,6,16_Left.mp4,8,0.32
6_16_Left_frame0.jpg,6,16_Left.mp4,0,0.00
6_16_Left_frame17.jpg,6,16_Left.mp4,17,0.68
6_16_Left_frame3.jpg,6,16_Left.mp4,3,0.12
6_16_Left_frame10.jpg,6,16_Left.mp4,10,0.40
6_16_Left_frame16.jpg,6,16_Left.mp4,16,0.64
6_16_Left_frame29.jpg,6,16_Left.mp4,29,1.16
6_16_Left_frame25.jpg,6,16_Left.mp4,25,1.00
6_16_Left_frame2.jpg,6,16_Left.mp4,2,0.08
6_17_Left_frame23.jpg,6,17_Left.mp4,23,0.92
6_17_Left_frame10.jpg,6,17_Left.mp4,10,0.40
6_17_Left_frame3.jpg,6,17_Left.mp4,3,0.12
6_17_Left_frame20.jpg,6,17_Left.mp4,20,0.80
6_17_Left_frame14.jpg,6,17_Left.mp4,14,0.56
6_17_Left_frame4.jpg,6,17_Left.mp4,4,0.16
6_17_Left_frame7.jpg,6,17_Left.mp4,7,0.28
6_17_Left_frame24.jpg,6,17_Left.mp4,24,0.96
6_17_Left_frame18.jpg,6,17_Left.mp4,18,0.72
6_17_Left_frame1.jpg,6,17_Left.mp4,1,0.04
6_18_Right_frame39.jpg,6,18_Right.mp4,39,1.56
6_18_Right_frame5.jpg,6,18_Right.mp4,5,0.20
6_18_Right_frame27.jpg,6,18_Right.mp4,27,1.08
6_18_Right_frame19.jpg,6,18_Right.mp4,19,0.76
6_18_Right_frame6.jpg,6,18_Right.mp4,6,0.24
6_18_Right_frame30.jpg,6,18_Right.mp4,30,1.20
6_18_Right_frame0.jpg,6,18_Right.mp4,0,0.00
6_18_Right_frame20.jpg,6,18_Right.mp4,20,0.80
6_18_Right_frame38.jpg,6,18_Right.mp4,38,1.52
6_18_Right_frame24.jpg,6,18_Right.mp4,24,0.96
6_19_Left_frame20.jpg,6,19_Left.mp4,20,0.80
6_19_Left_frame30.jpg,6,19_Left.mp4,30,1.20
6_19_Left_frame27.jpg,6,19_Left.mp4,27,1.08
6_19_Left_frame17.jpg,6,19_Left.mp4,17,0.68
6_19_Left_frame16.jpg,6,19_Left.mp4,16,0.64
6_19_Left_frame28.jpg,6,19_Left.mp4,28,1.12
6_19_Left_frame9.jpg,6,19_Left.mp4,9,0.36
6_19_Left_frame24.jpg,6,19_Left.mp4,24,0.96
6_19_Left_frame1.jpg,6,19_Left.mp4,1,0.04
6_19_Left_frame29.jpg,6,19_Left.mp4,29,1.16
6_1_Left_frame8.jpg,6,1_Left.mp4,8,0.32
6_1_Left_frame2.jpg,6,1_Left.mp4,2,0.08
6_1_Left_frame20.jpg,6,1_Left.mp4,20,0.80
6_1_Left_frame5.jpg,6,1_Left.mp4,5,0.20
6_1_Left_frame4.jpg,6,1_Left.mp4,4,0.16
6_1_Left_frame6.jpg,6,1_Left.mp4,6,0.24
6_1_Left_frame12.jpg,6,1_Left.mp4,12,0.48
6_1_Left_frame14.jpg,6,1_Left.mp4,14,0.56
6_1_Left_frame0.jpg,6,1_Left.mp4,0,0.00
6_1_Left_frame10.jpg,6,1_Left.mp4,10,0.40
6_20_Right_frame139.jpg,6,20_Right.mp4,139,5.56
6_20_Right_frame2.jpg,6,20_Right.mp4,2,0.08
6_20_Right_frame77.jpg,6,20_Right.mp4,77,3.08
6_20_Right_frame160.jpg,6,20_Right.mp4,160,6.40
6_20_Right_frame150.jpg,6,20_Right.mp4,150,6.00
6_20_Right_frame41.jpg,6,20_Right.mp4,41,1.64
6_20_Right_frame43.jpg,6,20_Right.mp4,43,1.72
6_20_Right_frame113.jpg,6,20_Right.mp4,113,4.52
6_20_Right_frame134.jpg,6,20_Right.mp4,134,5.36
6_20_Right_frame84.jpg,6,20_Right.mp4,84,3.36
6_21_Right_frame16.jpg,6,21_Right.mp4,16,0.64
6_21_Right_frame23.jpg,6,21_Right.mp4,23,0.92
6_21_Right_frame35.jpg,6,21_Right.mp4,35,1.40
6_21_Right_frame43.jpg,6,21_Right.mp4,43,1.72
6_21_Right_frame38.jpg,6,21_Right.mp4,38,1.52
6_21_Right_frame27.jpg,6,21_Right.mp4,27,1.08
6_21_Right_frame33.jpg,6,21_Right.mp4,33,1.32
6_21_Right_frame40.jpg,6,21_Right.mp4,40,1.60
6_21_Right_frame4.jpg,6,21_Right.mp4,4,0.16
6_21_Right_frame8.jpg,6,21_Right.mp4,8,0.32
6_22_Right_frame17.jpg,6,22_Right.mp4,17,0.68
6_22_Right_frame4.jpg,6,22_Right.mp4,4,0.16
6_22_Right_frame2.jpg,6,22_Right.mp4,2,0.08
6_22_Right_frame19.jpg,6,22_Right.mp4,19,0.76
6_22_Right_frame7.jpg,6,22_Right.mp4,7,0.28
6_22_Right_frame22.jpg,6,22_Right.mp4,22,0.88
6_22_Right_frame8.jpg,6,22_Right.mp4,8,0.32
6_22_Right_frame9.jpg,6,22_Right.mp4,9,0.36
6_22_Right_frame1.jpg,6,22_Right.mp4,1,0.04
6_22_Right_frame13.jpg,6,22_Right.mp4,13,0.52
6_23_Left_frame26.jpg,6,23_Left.mp4,26,1.04
6_23_Left_frame18.jpg,6,23_Left.mp4,18,0.72
6_23_Left_frame0.jpg,6,23_Left.mp4,0,0.00
6_23_Left_frame7.jpg,6,23_Left.mp4,7,0.28
6_23_Left_frame4.jpg,6,23_Left.mp4,4,0.16
6_23_Left_frame21.jpg,6,23_Left.mp4,21,0.84
6_23_Left_frame5.jpg,6,23_Left.mp4,5,0.20
6_23_Left_frame28.jpg,6,23_Left.mp4,28,1.12
6_23_Left_frame10.jpg,6,23_Left.mp4,10,0.40
6_23_Left_frame8.jpg,6,23_Left.mp4,8,0.32
6_24_Right_frame18.jpg,6,24_Right.mp4,18,0.72
6_24_Right_frame7.jpg,6,24_Right.mp4,7,0.28
6_24_Right_frame32.jpg,6,24_Right.mp4,32,1.28
6_24_Right_frame13.jpg,6,24_Right.mp4,13,0.52
6_24_Right_frame11.jpg,6,24_Right.mp4,11,0.44
6_24_Right_frame21.jpg,6,24_Right.mp4,21,0.84
6_24_Right_frame5.jpg,6,24_Right.mp4,5,0.20
6_24_Right_frame6.jpg,6,24_Right.mp4,6,0.24
6_24_Right_frame0.jpg,6,24_Right.mp4,0,0.00
6_24_Right_frame4.jpg,6,24_Right.mp4,4,0.16
6_25_Right_frame6.jpg,6,25_Right.mp4,6,0.24
6_25_Right_frame31.jpg,6,25_Right.mp4,31,1.24
6_25_Right_frame2.jpg,6,25_Right.mp4,2,0.08
6_25_Right_frame26.jpg,6,25_Right.mp4,26,1.04
6_25_Right_frame19.jpg,6,25_Right.mp4,19,0.76
6_25_Right_frame15.jpg,6,25_Right.mp4,15,0.60
6_25_Right_frame7.jpg,6,25_Right.mp4,7,0.28
6_25_Right_frame12.jpg,6,25_Right.mp4,12,0.48
6_25_Right_frame33.jpg,6,25_Right.mp4,33,1.32
6_25_Right_frame36.jpg,6,25_Right.mp4,36,1.44
6_2_Left_frame57.jpg,6,2_Left.mp4,57,2.28
6_2_Left_frame99.jpg,6,2_Left.mp4,99,3.96
6_2_Left_frame46.jpg,6,2_Left.mp4,46,1.84
6_2_Left_frame43.jpg,6,2_Left.mp4,43,1.72
6_2_Left_frame88.jpg,6,2_Left.mp4,88,3.52
6_2_Left_frame15.jpg,6,2_Left.mp4,15,0.60
6_2_Left_frame26.jpg,6,2_Left.mp4,26,1.04
6_2_Left_frame22.jpg,6,2_Left.mp4,22,0.88
6_2_Left_frame35.jpg,6,2_Left.mp4,35,1.40
6_2_Left_frame39.jpg,6,2_Left.mp4,39,1.56
6_3_Left_frame82.jpg,6,3_Left.mp4,82,3.28
6_3_Left_frame105.jpg,6,3_Left.mp4,105,4.20
6_3_Left_frame25.jpg,6,3_Left.mp4,25,1.00
6_3_Left_frame93.jpg,6,3_Left.mp4,93,3.72
6_3_Left_frame74.jpg,6,3_Left.mp4,74,2.96
6_3_Left_frame33.jpg,6,3_Left.mp4,33,1.32
6_3_Left_frame99.jpg,6,3_Left.mp4,99,3.96
6_3_Left_frame3.jpg,6,3_Left.mp4,3,0.12
6_3_Left_frame121.jpg,6,3_Left.mp4,121,4.84
6_3_Left_frame22.jpg,6,3_Left.mp4,22,0.88
6_4_Right_frame6.jpg,6,4_Right.mp4,6,0.24
6_4_Right_frame22.jpg,6,4_Right.mp4,22,0.88
6_4_Right_frame1.jpg,6,4_Right.mp4,1,0.04
6_4_Right_frame13.jpg,6,4_Right.mp4,13,0.52
6_4_Right_frame8.jpg,6,4_Right.mp4,8,0.32
6_4_Right_frame23.jpg,6,4_Right.mp4,23,0.92
6_4_Right_frame14.jpg,6,4_Right.mp4,14,0.56
6_4_Right_frame2.jpg,6,4_Right.mp4,2,0.08
6_4_Right_frame16.jpg,6,4_Right.mp4,16,0.64
6_4_Right_frame19.jpg,6,4_Right.mp4,19,0.76
6_5_Left_frame27.jpg,6,5_Left.mp4,27,1.08
6_5_Left_frame6.jpg,6,5_Left.mp4,6,0.24
6_5_Left_frame36.jpg,6,5_Left.mp4,36,1.44
6_5_Left_frame35.jpg,6,5_Left.mp4,35,1.40
6_5_Left_frame37.jpg,6,5_Left.mp4,37,1.48
6_5_Left_frame0.jpg,6,5_Left.mp4,0,0.00
6_5_Left_frame42.jpg,6,5_Left.mp4,42,1.68
6_5_Left_frame41.jpg,6,5_Left.mp4,41,1.64
6_5_Left_frame10.jpg,6,5_Left.mp4,10,0.40
6_5_Left_frame32.jpg,6,5_Left.mp4,32,1.28
6_6_Right_frame44.jpg,6,6_Right.mp4,44,1.76
6_6_Right_frame7.jpg,6,6_Right.mp4,7,0.28
6_6_Right_frame40.jpg,6,6_Right.mp4,40,1.60
6_6_Right_frame10.jpg,6,6_Right.mp4,10,0.40
6_6_Right_frame26.jpg,6,6_Right.mp4,26,1.04
6_6_Right_frame37.jpg,6,6_Right.mp4,37,1.48
6_6_Right_frame30.jpg,6,6_Right.mp4,30,1.20
6_6_Right_frame20.jpg,6,6_Right.mp4,20,0.80
6_6_Right_frame14.jpg,6,6_Right.mp4,14,0.56
6_6_Right_frame36.jpg,6,6_Right.mp4,36,1.44
6_7_Left_frame73.jpg,6,7_Left.mp4,73,2.92
6_7_Left_frame84.jpg,6,7_Left.mp4,84,3.36
6_7_Left_frame85.jpg,6,7_Left.mp4,85,3.40
6_7_Left_frame17.jpg,6,7_Left.mp4,17,0.68
6_7_Left_frame94.jpg,6,7_Left.mp4,94,3.76
6_7_Left_frame38.jpg,6,7_Left.mp4,38,1.52
6_7_Left_frame61.jpg,6,7_Left.mp4,61,2.44
6_7_Left_frame77.jpg,6,7_Left.mp4,77,3.08
6_7_Left_frame87.jpg,6,7_Left.mp4,87,3.48
6_7_Left_frame9.jpg,6,7_Left.mp4,9,0.36
6_8_Right_frame10.jpg,6,8_Right.mp4,10,0.40
6_8_Right_frame13.jpg,6,8_Right.mp4,13,0.52
6_8_Right_frame15.jpg,6,8_Right.mp4,15,0.60
6_8_Right_frame12.jpg,6,8_Right.mp4,12,0.48
6_8_Right_frame14.jpg,6,8_Right.mp4,14,0.56
6_8_Right_frame7.jpg,6,8_Right.mp4,7,0.28
6_8_Right_frame25.jpg,6,8_Right.mp4,25,1.00
6_8_Right_frame20.jpg,6,8_Right.mp4,20,0.80
6_8_Right_frame23.jpg,6,8_Right.mp4,23,0.92
6_8_Right_frame22.jpg,6,8_Right.mp4,22,0.88
6_9_Left_frame3.jpg,6,9_Left.mp4,3,0.12
6_9_Left_frame9.jpg,6,9_Left.mp4,9,0.36
6_9_Left_frame2.jpg,6,9_Left.mp4,2,0.08
6_9_Left_frame0.jpg,6,9_Left.mp4,0,0.00
6_9_Left_frame23.jpg,6,9_Left.mp4,23,0.92
6_9_Left_frame37.jpg,6,9_Left.mp4,37,1.48
6_9_Left_frame4.jpg,6,9_Left.mp4,4,0.16
6_9_Left_frame19.jpg,6,9_Left.mp4,19,0.76
6_9_Left_frame29.jpg,6,9_Left.mp4,29,1.16
6_9_Left_frame40.jpg,6,9_Left.mp4,40,1.60
7_10_Right_frame21.jpg,7,10_Right.mp4,21,0.88
7_10_Right_frame3.jpg,7,10_Right.mp4,3,0.13
7_10_Right_frame18.jpg,7,10_Right.mp4,18,0.75
7_10_Right_frame11.jpg,7,10_Right.mp4,11,0.46
7_10_Right_frame1.jpg,7,10_Right.mp4,1,0.04
7_10_Right_frame36.jpg,7,10_Right.mp4,36,1.50
7_10_Right_frame33.jpg,7,10_Right.mp4,33,1.38
7_10_Right_frame9.jpg,7,10_Right.mp4,9,0.38
7_10_Right_frame2.jpg,7,10_Right.mp4,2,0.08
7_10_Right_frame29.jpg,7,10_Right.mp4,29,1.21
7_11_Left_frame0.jpg,7,11_Left.mp4,0,0.00
7_11_Left_frame25.jpg,7,11_Left.mp4,25,1.04
7_11_Left_frame13.jpg,7,11_Left.mp4,13,0.54
7_11_Left_frame9.jpg,7,11_Left.mp4,9,0.38
7_11_Left_frame14.jpg,7,11_Left.mp4,14,0.58
7_11_Left_frame3.jpg,7,11_Left.mp4,3,0.13
7_11_Left_frame21.jpg,7,11_Left.mp4,21,0.88
7_11_Left_frame11.jpg,7,11_Left.mp4,11,0.46
7_11_Left_frame12.jpg,7,11_Left.mp4,12,0.50
7_11_Left_frame15.jpg,7,11_Left.mp4,15,0.63
7_12_Left_frame16.jpg,7,12_Left.mp4,16,0.67
7_12_Left_frame6.jpg,7,12_Left.mp4,6,0.25
7_12_Left_frame12.jpg,7,12_Left.mp4,12,0.50
7_12_Left_frame2.jpg,7,12_Left.mp4,2,0.08
7_12_Left_frame27.jpg,7,12_Left.mp4,27,1.13
7_12_Left_frame7.jpg,7,12_Left.mp4,7,0.29
7_12_Left_frame19.jpg,7,12_Left.mp4,19,0.79
7_12_Left_frame25.jpg,7,12_Left.mp4,25,1.04
7_12_Left_frame9.jpg,7,12_Left.mp4,9,0.38
7_12_Left_frame24.jpg,7,12_Left.mp4,24,1.00
7_13_Left_frame5.jpg,7,13_Left.mp4,5,0.21
7_13_Left_frame14.jpg,7,13_Left.mp4,14,0.58
7_13_Left_frame3.jpg,7,13_Left.mp4,3,0.13
7_13_Left_frame19.jpg,7,13_Left.mp4,19,0.79
7_13_Left_frame21.jpg,7,13_Left.mp4,21,0.88
7_13_Left_frame25.jpg,7,13_Left.mp4,25,1.04
7_13_Left_frame2.jpg,7,13_Left.mp4,2,0.08
7_13_Left_frame22.jpg,7,13_Left.mp4,22,0.92
7_13_Left_frame10.jpg,7,13_Left.mp4,10,0.42
7_13_Left_frame17.jpg,7,13_Left.mp4,17,0.71
7_14_Left_frame28.jpg,7,14_Left.mp4,28,1.17
7_14_Left_frame20.jpg,7,14_Left.mp4,20,0.83
7_14_Left_frame8.jpg,7,14_Left.mp4,8,0.33
7_14_Left_frame26.jpg,7,14_Left.mp4,26,1.08
7_14_Left_frame19.jpg,7,14_Left.mp4,19,0.79
7_14_Left_frame12.jpg,7,14_Left.mp4,12,0.50
7_14_Left_frame3.jpg,7,14_Left.mp4,3,0.13
7_14_Left_frame25.jpg,7,14_Left.mp4,25,1.04
7_14_Left_frame6.jpg,7,14_Left.mp4,6,0.25
7_14_Left_frame10.jpg,7,14_Left.mp4,10,0.42
7_15_Left_frame16.jpg,7,15_Left.mp4,16,0.67
7_15_Left_frame9.jpg,7,15_Left.mp4,9,0.38
7_15_Left_frame3.jpg,7,15_Left.mp4,3,0.13
7_15_Left_frame19.jpg,7,15_Left.mp4,19,0.79
7_15_Left_frame6.jpg,7,15_Left.mp4,6,0.25
7_15_Left_frame24.jpg,7,15_Left.mp4,24,1.00
7_15_Left_frame13.jpg,7,15_Left.mp4,13,0.54
7_15_Left_frame1.jpg,7,15_Left.mp4,1,0.04
7_15_Left_frame4.jpg,7,15_Left.mp4,4,0.17
7_15_Left_frame8.jpg,7,15_Left.mp4,8,0.33
7_16_Left_frame16.jpg,7,16_Left.mp4,16,0.67
7_16_Left_frame3.jpg,7,16_Left.mp4,3,0.13
7_16_Left_frame1.jpg,7,16_Left.mp4,1,0.04
7_16_Left_frame17.jpg,7,16_Left.mp4,17,0.71
7_16_Left_frame15.jpg,7,16_Left.mp4,15,0.63
7_16_Left_frame14.jpg,7,16_Left.mp4,14,0.58
7_16_Left_frame25.jpg,7,16_Left.mp4,25,1.04
7_16_Left_frame8.jpg,7,16_Left.mp4,8,0.33
7_16_Left_frame10.jpg,7,16_Left.mp4,10,0.42
7_16_Left_frame27.jpg,7,16_Left.mp4,27,1.13
7_17_Right_frame2.jpg,7,17_Right.mp4,2,0.08
7_17_Right_frame11.jpg,7,17_Right.mp4,11,0.46
7_17_Right_frame7.jpg,7,17_Right.mp4,7,0.29
7_17_Right_frame17.jpg,7,17_Right.mp4,17,0.71
7_17_Right_frame16.jpg,7,17_Right.mp4,16,0.67
7_17_Right_frame10.jpg,7,17_Right.mp4,10,0.42
7_17_Right_frame5.jpg,7,17_Right.mp4,5,0.21
7_17_Right_frame6.jpg,7,17_Right.mp4,6,0.25
7_17_Right_frame33.jpg,7,17_Right.mp4,33,1.38
7_17_Right_frame8.jpg,7,17_Right.mp4,8,0.33
7_18_Right_frame0.jpg,7,18_Right.mp4,0,0.00
7_18_Right_frame34.jpg,7,18_Right.mp4,34,1.42
7_18_Right_frame16.jpg,7,18_Right.mp4,16,0.67
7_18_Right_frame14.jpg,7,18_Right.mp4,14,0.58
7_18_Right_frame18.jpg,7,18_Right.mp4,18,0.75
7_18_Right_frame31.jpg,7,18_Right.mp4,31,1.29
7_18_Right_frame43.jpg,7,18_Right.mp4,43,1.79
7_18_Right_frame36.jpg,7,18_Right.mp4,36,1.50
7_18_Right_frame12.jpg,7,18_Right.mp4,12,0.50
7_18_Right_frame32.jpg,7,18_Right.mp4,32,1.33
7_19_Right_frame14.jpg,7,19_Right.mp4,14,0.58
7_19_Right_frame0.jpg,7,19_Right.mp4,0,0.00
7_19_Right_frame28.jpg,7,19_Right.mp4,28,1.17
7_19_Right_frame21.jpg,7,19_Right.mp4,21,0.88
7_19_Right_frame7.jpg,7,19_Right.mp4,7,0.29
7_19_Right_frame18.jpg,7,19_Right.mp4,18,0.75
7_19_Right_frame9.jpg,7,19_Right.mp4,9,0.38
7_19_Right_frame8.jpg,7,19_Right.mp4,8,0.33
7_19_Right_frame24.jpg,7,19_Right.mp4,24,1.00
7_19_Right_frame27.jpg,7,19_Right.mp4,27,1.13
7_1_Right_frame50.jpg,7,1_Right.mp4,50,2.09
7_1_Right_frame22.jpg,7,1_Right.mp4,22,0.92
7_1_Right_frame32.jpg,7,1_Right.mp4,32,1.33
7_1_Right_frame38.jpg,7,1_Right.mp4,38,1.58
7_1_Right_frame48.jpg,7,1_Right.mp4,48,2.00
7_1_Right_frame1.jpg,7,1_Right.mp4,1,0.04
7_1_Right_frame52.jpg,7,1_Right.mp4,52,2.17
7_1_Right_frame30.jpg,7,1_Right.mp4,30,1.25
7_1_Right_frame6.jpg,7,1_Right.mp4,6,0.25
7_1_Right_frame47.jpg,7,1_Right.mp4,47,1.96
7_20_Right_frame16.jpg,7,20_Right.mp4,16,0.67
7_20_Right_frame9.jpg,7,20_Right.mp4,9,0.38
7_20_Right_frame21.jpg,7,20_Right.mp4,21,0.88
7_20_Right_frame28.jpg,7,20_Right.mp4,28,1.17
7_20_Right_frame8.jpg,7,20_Right.mp4,8,0.33
7_20_Right_frame10.jpg,7,20_Right.mp4,10,0.42
7_20_Right_frame27.jpg,7,20_Right.mp4,27,1.13
7_20_Right_frame1.jpg,7,20_Right.mp4,1,0.04
7_20_Right_frame19.jpg,7,20_Right.mp4,19,0.79
7_20_Right_frame24.jpg,7,20_Right.mp4,24,1.00
7_21_Left_frame30.jpg,7,21_Left.mp4,30,1.25
7_21_Left_frame29.jpg,7,21_Left.mp4,29,1.21
7_21_Left_frame3.jpg,7,21_Left.mp4,3,0.13
7_21_Left_frame2.jpg,7,21_Left.mp4,2,0.08
7_21_Left_frame11.jpg,7,21_Left.mp4,11,0.46
7_21_Left_frame5.jpg,7,21_Left.mp4,5,0.21
7_21_Left_frame23.jpg,7,21_Left.mp4,23,0.96
7_21_Left_frame10.jpg,7,21_Left.mp4,10,0.42
7_21_Left_frame9.jpg,7,21_Left.mp4,9,0.38
7_21_Left_frame24.jpg,7,21_Left.mp4,24,1.00
7_22_Right_frame14.jpg,7,22_Right.mp4,14,0.58
7_22_Right_frame0.jpg,7,22_Right.mp4,0,0.00
7_22_Right_frame15.jpg,7,22_Right.mp4,15,0.63
7_22_Right_frame3.jpg,7,22_Right.mp4,3,0.13
7_22_Right_frame8.jpg,7,22_Right.mp4,8,0.33
7_22_Right_frame6.jpg,7,22_Right.mp4,6,0.25
7_22_Right_frame21.jpg,7,22_Right.mp4,21,0.88
7_22_Right_frame17.jpg,7,22_Right.mp4,17,0.71
7_22_Right_frame5.jpg,7,22_Right.mp4,5,0.21
7_22_Right_frame7.jpg,7,22_Right.mp4,7,0.29
7_23_Right_frame5.jpg,7,23_Right.mp4,5,0.21
7_23_Right_frame14.jpg,7,23_Right.mp4,14,0.58
7_23_Right_frame10.jpg,7,23_Right.mp4,10,0.42
7_23_Right_frame6.jpg,7,23_Right.mp4,6,0.25
7_23_Right_frame19.jpg,7,23_Right.mp4,19,0.79
7_23_Right_frame7.jpg,7,23_Right.mp4,7,0.29
7_23_Right_frame15.jpg,7,23_Right.mp4,15,0.63
7_23_Right_frame11.jpg,7,23_Right.mp4,11,0.46
7_23_Right_frame13.jpg,7,23_Right.mp4,13,0.54
7_23_Right_frame18.jpg,7,23_Right.mp4,18,0.75
7_24_Right_frame5.jpg,7,24_Right.mp4,5,0.21
7_24_Right_frame14.jpg,7,24_Right.mp4,14,0.58
7_24_Right_frame25.jpg,7,24_Right.mp4,25,1.04
7_24_Right_frame24.jpg,7,24_Right.mp4,24,1.00
7_24_Right_frame4.jpg,7,24_Right.mp4,4,0.17
7_24_Right_frame23.jpg,7,24_Right.mp4,23,0.96
7_24_Right_frame1.jpg,7,24_Right.mp4,1,0.04
7_24_Right_frame2.jpg,7,24_Right.mp4,2,0.08
7_24_Right_frame9.jpg,7,24_Right.mp4,9,0.38
7_24_Right_frame19.jpg,7,24_Right.mp4,19,0.79
7_25_Left_frame66.jpg,7,25_Left.mp4,66,2.75
7_25_Left_frame42.jpg,7,25_Left.mp4,42,1.75
7_25_Left_frame60.jpg,7,25_Left.mp4,60,2.50
7_25_Left_frame44.jpg,7,25_Left.mp4,44,1.84
7_25_Left_frame29.jpg,7,25_Left.mp4,29,1.21
7_25_Left_frame69.jpg,7,25_Left.mp4,69,2.88
7_25_Left_frame38.jpg,7,25_Left.mp4,38,1.58
7_25_Left_frame4.jpg,7,25_Left.mp4,4,0.17
7_25_Left_frame32.jpg,7,25_Left.mp4,32,1.33
7_25_Left_frame50.jpg,7,25_Left.mp4,50,2.09
7_26_Right_frame0.jpg,7,26_Right.mp4,0,0.00
7_26_Right_frame2.jpg,7,26_Right.mp4,2,0.08
7_26_Right_frame3.jpg,7,26_Right.mp4,3,0.13
7_26_Right_frame22.jpg,7,26_Right.mp4,22,0.92
7_26_Right_frame20.jpg,7,26_Right.mp4,20,0.83
7_26_Right_frame9.jpg,7,26_Right.mp4,9,0.38
7_26_Right_frame4.jpg,7,26_Right.mp4,4,0.17
7_26_Right_frame21.jpg,7,26_Right.mp4,21,0.88
7_26_Right_frame6.jpg,7,26_Right.mp4,6,0.25
7_26_Right_frame18.jpg,7,26_Right.mp4,18,0.75
7_27_Right_frame33.jpg,7,27_Right.mp4,33,1.38
7_27_Right_frame0.jpg,7,27_Right.mp4,0,0.00
7_27_Right_frame103.jpg,7,27_Right.mp4,103,4.30
7_27_Right_frame88.jpg,7,27_Right.mp4,88,3.67
7_27_Right_frame132.jpg,7,27_Right.mp4,132,5.51
7_27_Right_frame74.jpg,7,27_Right.mp4,74,3.09
7_27_Right_frame29.jpg,7,27_Right.mp4,29,1.21
7_27_Right_frame119.jpg,7,27_Right.mp4,119,4.96
7_27_Right_frame11.jpg,7,27_Right.mp4,11,0.46
7_27_Right_frame48.jpg,7,27_Right.mp4,48,2.00
7_28_Right_frame7.jpg,7,28_Right.mp4,7,0.29
7_28_Right_frame22.jpg,7,28_Right.mp4,22,0.92
7_28_Right_frame14.jpg,7,28_Right.mp4,14,0.58
7_28_Right_frame3.jpg,7,28_Right.mp4,3,0.13
7_28_Right_frame19.jpg,7,28_Right.mp4,19,0.79
7_28_Right_frame20.jpg,7,28_Right.mp4,20,0.83
7_28_Right_frame2.jpg,7,28_Right.mp4,2,0.08
7_28_Right_frame8.jpg,7,28_Right.mp4,8,0.33
7_28_Right_frame10.jpg,7,28_Right.mp4,10,0.42
7_28_Right_frame9.jpg,7,28_Right.mp4,9,0.38
7_2_Right_frame56.jpg,7,2_Right.mp4,56,2.34
7_2_Right_frame52.jpg,7,2_Right.mp4,52,2.17
7_2_Right_frame40.jpg,7,2_Right.mp4,40,1.67
7_2_Right_frame51.jpg,7,2_Right.mp4,51,2.13
7_2_Right_frame53.jpg,7,2_Right.mp4,53,2.21
7_2_Right_frame44.jpg,7,2_Right.mp4,44,1.84
7_2_Right_frame65.jpg,7,2_Right.mp4,65,2.71
7_2_Right_frame82.jpg,7,2_Right.mp4,82,3.42
7_2_Right_frame16.jpg,7,2_Right.mp4,16,0.67
7_2_Right_frame73.jpg,7,2_Right.mp4,73,3.04
7_3_Left_frame18.jpg,7,3_Left.mp4,18,0.75
7_3_Left_frame19.jpg,7,3_Left.mp4,19,0.79
7_3_Left_frame23.jpg,7,3_Left.mp4,23,0.96
7_3_Left_frame3.jpg,7,3_Left.mp4,3,0.13
7_3_Left_frame5.jpg,7,3_Left.mp4,5,0.21
7_3_Left_frame8.jpg,7,3_Left.mp4,8,0.33
7_3_Left_frame17.jpg,7,3_Left.mp4,17,0.71
7_3_Left_frame22.jpg,7,3_Left.mp4,22,0.92
7_3_Left_frame20.jpg,7,3_Left.mp4,20,0.83
7_3_Left_frame15.jpg,7,3_Left.mp4,15,0.63
7_4_Left_frame9.jpg,7,4_Left.mp4,9,0.38
7_4_Left_frame22.jpg,7,4_Left.mp4,22,0.92
7_4_Left_frame24.jpg,7,4_Left.mp4,24,1.00
7_4_Left_frame0.jpg,7,4_Left.mp4,0,0.00
7_4_Left_frame6.jpg,7,4_Left.mp4,6,0.25
7_4_Left_frame1.jpg,7,4_Left.mp4,1,0.04
7_4_Left_frame23.jpg,7,4_Left.mp4,23,0.96
7_4_Left_frame4.jpg,7,4_Left.mp4,4,0.17
7_4_Left_frame10.jpg,7,4_Left.mp4,10,0.42
7_4_Left_frame7.jpg,7,4_Left.mp4,7,0.29
7_5_Left_frame10.jpg,7,5_Left.mp4,10,0.42
7_5_Left_frame49.jpg,7,5_Left.mp4,49,2.04
7_5_Left_frame75.jpg,7,5_Left.mp4,75,3.13
7_5_Left_frame61.jpg,7,5_Left.mp4,61,2.54
7_5_Left_frame102.jpg,7,5_Left.mp4,102,4.25
7_5_Left_frame144.jpg,7,5_Left.mp4,144,6.01
7_5_Left_frame80.jpg,7,5_Left.mp4,80,3.34
7_5_Left_frame146.jpg,7,5_Left.mp4,146,6.09
7_5_Left_frame138.jpg,7,5_Left.mp4,138,5.76
7_5_Left_frame36.jpg,7,5_Left.mp4,36,1.50
7_6_Left_frame0.jpg,7,6_Left.mp4,0,0.00
7_6_Left_frame1.jpg,7,6_Left.mp4,1,0.04
7_6_Left_frame22.jpg,7,6_Left.mp4,22,0.92
7_6_Left_frame11.jpg,7,6_Left.mp4,11,0.46
7_6_Left_frame28.jpg,7,6_Left.mp4,28,1.17
7_6_Left_frame5.jpg,7,6_Left.mp4,5,0.21
7_6_Left_frame23.jpg,7,6_Left.mp4,23,0.96
7_6_Left_frame7.jpg,7,6_Left.mp4,7,0.29
7_6_Left_frame12.jpg,7,6_Left.mp4,12,0.50
7_6_Left_frame14.jpg,7,6_Left.mp4,14,0.58
7_7_Right_frame9.jpg,7,7_Right.mp4,9,0.38
7_7_Right_frame42.jpg,7,7_Right.mp4,42,1.75
7_7_Right_frame29.jpg,7,7_Right.mp4,29,1.21
7_7_Right_frame35.jpg,7,7_Right.mp4,35,1.46
7_7_Right_frame21.jpg,7,7_Right.mp4,21,0.88
7_7_Right_frame39.jpg,7,7_Right.mp4,39,1.63
7_7_Right_frame1.jpg,7,7_Right.mp4,1,0.04
7_7_Right_frame13.jpg,7,7_Right.mp4,13,0.54
7_7_Right_frame16.jpg,7,7_Right.mp4,16,0.67
7_7_Right_frame28.jpg,7,7_Right.mp4,28,1.17
7_8_Right_frame5.jpg,7,8_Right.mp4,5,0.21
7_8_Right_frame0.jpg,7,8_Right.mp4,0,0.00
7_8_Right_frame15.jpg,7,8_Right.mp4,15,0.63
7_8_Right_frame22.jpg,7,8_Right.mp4,22,0.92
7_8_Right_frame19.jpg,7,8_Right.mp4,19,0.79
7_8_Right_frame7.jpg,7,8_Right.mp4,7,0.29
7_8_Right_frame3.jpg,7,8_Right.mp4,3,0.13
7_8_Right_frame13.jpg,7,8_Right.mp4,13,0.54
7_8_Right_frame28.jpg,7,8_Right.mp4,28,1.17
7_8_Right_frame6.jpg,7,8_Right.mp4,6,0.25
7_9_Left_frame18.jpg,7,9_Left.mp4,18,0.75
7_9_Left_frame20.jpg,7,9_Left.mp4,20,0.83
7_9_Left_frame21.jpg,7,9_Left.mp4,21,0.88
7_9_Left_frame22.jpg,7,9_Left.mp4,22,0.92
7_9_Left_frame6.jpg,7,9_Left.mp4,6,0.25
7_9_Left_frame10.jpg,7,9_Left.mp4,10,0.42
7_9_Left_frame11.jpg,7,9_Left.mp4,11,0.46
7_9_Left_frame8.jpg,7,9_Left.mp4,8,0.33
7_9_Left_frame9.jpg,7,9_Left.mp4,9,0.38
7_9_Left_frame1.jpg,7,9_Left.mp4,1,0.04
